[
  {
    "": 0,
    "name": "Albany Park",
    "comm_num": 14,
    "total_pop": 49806,
    "total_households": 16909,
    "hh_no_internet": 2674,
    "hh_no_internet(%)": 15.814063516470519,
    "hh_internet": 13488,
    "hh_internet(%)": 79.76817079661718,
    "internet_rr": 95.5822343130877,
    "hh_computer": 15104,
    "hh_computer(%)": 89.32521142586788,
    "hh_no_computer": 1805,
    "hh_no_computer(%)": 10.67478857413212,
    "computer_rr": 100,
    "hh_broadband": 13477,
    "hh_broadband(%)": 79.70311668342302,
    "hh_poverty(%)": 12.1,
    "hh_unemployment(%)": 5.8,
    "hh_median_income": 66818,
    "total_hispanic": 22399,
    "total_hispanic(%)": 44.97249327390274,
    "total_black": 2461,
    "total_black(%)": 4.941171746375939,
    "total_white": 16040,
    "total_white(%)": 32.20495522627796,
    "total_asian": 7391,
    "total_asian(%)": 14.839577560936434,
    "ccvi_score": 38.2,
    "ccvi_cat": "MEDIUM",
    "hardship_score": 53
  },
  {
    "": 0,
    "name": "Grand Crossing",
    "comm_num": 14,
    "total_pop": 49806,
    "total_households": 16909,
    "hh_no_internet": 2674,
    "hh_no_internet(%)": 66,
    "hh_internet": 13488,
    "hh_internet(%)": 34,
    "internet_rr": 95.5822343130877,
    "hh_computer": 15104,
    "hh_computer(%)": 89.32521142586788,
    "hh_no_computer": 1805,
    "hh_no_computer(%)": 10.67478857413212,
    "computer_rr": 100,
    "hh_broadband": 13477,
    "hh_broadband(%)": 79.70311668342302,
    "hh_poverty(%)": 12.1,
    "hh_unemployment(%)": 5.8,
    "hh_median_income": 66818,
    "total_hispanic": 22399,
    "total_hispanic(%)": 44.97249327390274,
    "total_black": 2461,
    "total_black(%)": 4.941171746375939,
    "total_white": 16040,
    "total_white(%)": 32.20495522627796,
    "total_asian": 7391,
    "total_asian(%)": 14.839577560936434,
    "ccvi_score": 38.2,
    "ccvi_cat": "MEDIUM",
    "hardship_score": 53
  },
  {
    "": 1,
    "name": "Archer Heights",
    "comm_num": 57,
    "total_pop": 13726,
    "total_households": 3919,
    "hh_no_internet": 772,
    "hh_no_internet(%)": 19.698902781321767,
    "hh_internet": 2886,
    "hh_internet(%)": 73.64123500893085,
    "internet_rr": 93.34013779025263,
    "hh_computer": 3207,
    "hh_computer(%)": 81.83210002551672,
    "hh_no_computer": 712,
    "hh_no_computer(%)": 18.167899974483287,
    "computer_rr": 100,
    "hh_broadband": 2886,
    "hh_broadband(%)": 73.64123500893085,
    "hh_poverty(%)": 10.1,
    "hh_unemployment(%)": 8.1,
    "hh_median_income": 48629,
    "total_hispanic": 10626,
    "total_hispanic(%)": 77.41512458108699,
    "total_black": 131,
    "total_black(%)": 0.9543931225411627,
    "total_white": 2109,
    "total_white(%)": 15.365000728544368,
    "total_asian": 819,
    "total_asian(%)": 5.9667783768031475,
    "ccvi_score": 53.3,
    "ccvi_cat": "HIGH",
    "hardship_score": 67
  },
  {
    "": 2,
    "name": "Armour Square",
    "comm_num": 34,
    "total_pop": 13538,
    "total_households": 5396,
    "hh_no_internet": 1488,
    "hh_no_internet(%)": 27.575982209043737,
    "hh_internet": 3685,
    "hh_internet(%)": 68.29132690882135,
    "internet_rr": 95.86730911786509,
    "hh_computer": 4064,
    "hh_computer(%)": 75.31504818383988,
    "hh_no_computer": 1332,
    "hh_no_computer(%)": 24.68495181616012,
    "computer_rr": 100,
    "hh_broadband": 3674,
    "hh_broadband(%)": 68.08747220163085,
    "hh_poverty(%)": 25.8,
    "hh_unemployment(%)": 6.2,
    "hh_median_income": 33333,
    "total_hispanic": 585,
    "total_hispanic(%)": 4.321170039887724,
    "total_black": 1135,
    "total_black(%)": 8.383808538927463,
    "total_white": 1878,
    "total_white(%)": 13.87206382035751,
    "total_asian": 9886,
    "total_asian(%)": 73.02408036637613,
    "ccvi_score": 30.9,
    "ccvi_cat": "LOW",
    "hardship_score": 82
  },
  {
    "": 3,
    "name": "Ashburn",
    "comm_num": 70,
    "total_pop": 43356,
    "total_households": 13124,
    "hh_no_internet": 1840,
    "hh_no_internet(%)": 14.020115818348064,
    "hh_internet": 10449,
    "hh_internet(%)": 79.61749466626028,
    "internet_rr": 93.63761048460835,
    "hh_computer": 11847,
    "hh_computer(%)": 90.26973483693995,
    "hh_no_computer": 1277,
    "hh_no_computer(%)": 9.730265163060043,
    "computer_rr": 100,
    "hh_broadband": 10442,
    "hh_broadband(%)": 79.56415726912527,
    "hh_poverty(%)": 8.75,
    "hh_unemployment(%)": 10.100000000000001,
    "hh_median_income": 69261,
    "total_hispanic": 17918,
    "total_hispanic(%)": 41.327613248454654,
    "total_black": 19888,
    "total_black(%)": 45.87139034966326,
    "total_white": 4110,
    "total_white(%)": 9.47965679490728,
    "total_asian": 410,
    "total_asian(%)": 0.945659193652551,
    "ccvi_score": 45.1,
    "ccvi_cat": "MEDIUM",
    "hardship_score": 37
  },
  {
    "": 4,
    "name": "Auburn Gresham",
    "comm_num": 71,
    "total_pop": 45909,
    "total_households": 17161,
    "hh_no_internet": 5282,
    "hh_no_internet(%)": 30.779092127498398,
    "hh_internet": 10394,
    "hh_internet(%)": 60.56756599265777,
    "internet_rr": 91.34665812015616,
    "hh_computer": 13724,
    "hh_computer(%)": 79.97202960200454,
    "hh_no_computer": 3437,
    "hh_no_computer(%)": 20.027970397995453,
    "computer_rr": 100,
    "hh_broadband": 10291,
    "hh_broadband(%)": 59.96736786900531,
    "hh_poverty(%)": 23.6,
    "hh_unemployment(%)": 17.1,
    "hh_median_income": 35568,
    "total_hispanic": 1001,
    "total_hispanic(%)": 2.18040035722843,
    "total_black": 43791,
    "total_black(%)": 95.38652551787231,
    "total_white": 524,
    "total_white(%)": 1.1413883987889084,
    "total_asian": 141,
    "total_asian(%)": 0.3071293210481605,
    "ccvi_score": 48.2,
    "ccvi_cat": "HIGH",
    "hardship_score": 74
  },
  {
    "": 5,
    "name": "Austin",
    "comm_num": 25,
    "total_pop": 93727,
    "total_households": 32660,
    "hh_no_internet": 9804,
    "hh_no_internet(%)": 30.018371096142072,
    "hh_internet": 21110,
    "hh_internet(%)": 64.63563992651562,
    "internet_rr": 94.65401102265768,
    "hh_computer": 25463,
    "hh_computer(%)": 77.96387017758725,
    "hh_no_computer": 7197,
    "hh_no_computer(%)": 22.036129822412736,
    "computer_rr": 100,
    "hh_broadband": 21083,
    "hh_broadband(%)": 64.5529699938763,
    "hh_poverty(%)": 20.049999999999997,
    "hh_unemployment(%)": 12.05,
    "hh_median_income": 33700.5,
    "total_hispanic": 14113,
    "total_hispanic(%)": 15.057560788246715,
    "total_black": 72886,
    "total_black(%)": 77.76414480352514,
    "total_white": 5288,
    "total_white(%)": 5.641917483756015,
    "total_asian": 440,
    "total_asian(%)": 0.4694485046998197,
    "ccvi_score": 52.9,
    "ccvi_cat": "HIGH",
    "hardship_score": 73
  },
  {
    "": 6,
    "name": "Avalon Park",
    "comm_num": 45,
    "total_pop": 9713,
    "total_households": 4007,
    "hh_no_internet": 1030,
    "hh_no_internet(%)": 25.70501622161218,
    "hh_internet": 2840,
    "hh_internet(%)": 70.87596705764912,
    "internet_rr": 96.58098327926129,
    "hh_computer": 3022,
    "hh_computer(%)": 75.41801846768156,
    "hh_no_computer": 985,
    "hh_no_computer(%)": 24.58198153231844,
    "computer_rr": 100,
    "hh_broadband": 2825,
    "hh_broadband(%)": 70.50162216121787,
    "hh_poverty(%)": 15.55,
    "hh_unemployment(%)": 14.3,
    "hh_median_income": 46206.5,
    "total_hispanic": 9,
    "total_hispanic(%)": 0.0926593225573973,
    "total_black": 9381,
    "total_black(%)": 96.58190054566046,
    "total_white": 93,
    "total_white(%)": 0.9574796664264388,
    "total_asian": 70,
    "total_asian(%)": 0.7206836198908679,
    "ccvi_score": 44.2,
    "ccvi_cat": "MEDIUM",
    "hardship_score": 41
  },
  {
    "": 7,
    "name": "Avondale",
    "comm_num": 21,
    "total_pop": 38118,
    "total_households": 13639,
    "hh_no_internet": 2075,
    "hh_no_internet(%)": 15.213725346433025,
    "hh_internet": 11009,
    "hh_internet(%)": 80.71706136813549,
    "internet_rr": 95.93078671456851,
    "hh_computer": 12329,
    "hh_computer(%)": 90.39519026321578,
    "hh_no_computer": 1310,
    "hh_no_computer(%)": 9.60480973678422,
    "computer_rr": 100,
    "hh_broadband": 10915,
    "hh_broadband(%)": 80.02786128015251,
    "hh_poverty(%)": 10.55,
    "hh_unemployment(%)": 4.9,
    "hh_median_income": 64584,
    "total_hispanic": 21471,
    "total_hispanic(%)": 56.3277191877853,
    "total_black": 795,
    "total_black(%)": 2.08562883677003,
    "total_white": 13234,
    "total_white(%)": 34.718505692848524,
    "total_asian": 1591,
    "total_asian(%)": 4.173881106039142,
    "ccvi_score": 28.5,
    "ccvi_cat": "LOW",
    "hardship_score": 42
  },
  {
    "": 8,
    "name": "Belmont Cragin",
    "comm_num": 19,
    "total_pop": 78601,
    "total_households": 22476,
    "hh_no_internet": 4951,
    "hh_no_internet(%)": 22.027940914753515,
    "hh_internet": 16351,
    "hh_internet(%)": 72.74870973482827,
    "internet_rr": 94.77665064958177,
    "hh_computer": 19192,
    "hh_computer(%)": 85.38885922762057,
    "hh_no_computer": 3284,
    "hh_no_computer(%)": 14.611140772379427,
    "computer_rr": 100,
    "hh_broadband": 16292,
    "hh_broadband(%)": 72.48620751023313,
    "hh_poverty(%)": 12.6,
    "hh_unemployment(%)": 5.6,
    "hh_median_income": 53021,
    "total_hispanic": 63806,
    "total_hispanic(%)": 81.17708426101449,
    "total_black": 1866,
    "total_black(%)": 2.374015597765932,
    "total_white": 10416,
    "total_white(%)": 13.251739799748094,
    "total_asian": 1455,
    "total_asian(%)": 1.8511214870039823,
    "ccvi_score": 52.4,
    "ccvi_cat": "HIGH",
    "hardship_score": 70
  },
  {
    "": 9,
    "name": "Beverly",
    "comm_num": 72,
    "total_pop": 19791,
    "total_households": 7481,
    "hh_no_internet": 583,
    "hh_no_internet(%)": 7.793075792006417,
    "hh_internet": 6670,
    "hh_internet(%)": 89.15920331506483,
    "internet_rr": 96.95227910707125,
    "hh_computer": 7185,
    "hh_computer(%)": 96.04330971795214,
    "hh_no_computer": 296,
    "hh_no_computer(%)": 3.956690282047855,
    "computer_rr": 100,
    "hh_broadband": 6660,
    "hh_broadband(%)": 89.02553134607672,
    "hh_poverty(%)": 1.7,
    "hh_unemployment(%)": 4.8,
    "hh_median_income": 111667,
    "total_hispanic": 978,
    "total_hispanic(%)": 4.941640139457329,
    "total_black": 6774,
    "total_black(%)": 34.2276792481431,
    "total_white": 11383,
    "total_white(%)": 57.51604264564701,
    "total_asian": 160,
    "total_asian(%)": 0.8084482845737961,
    "ccvi_score": 27.4,
    "ccvi_cat": "LOW",
    "hardship_score": 12
  },
  {
    "": 10,
    "name": "Bridgeport",
    "comm_num": 60,
    "total_pop": 34540,
    "total_households": 12994,
    "hh_no_internet": 1682,
    "hh_no_internet(%)": 12.944435893489302,
    "hh_internet": 10899,
    "hh_internet(%)": 83.87717408034477,
    "internet_rr": 96.82160997383407,
    "hh_computer": 11475,
    "hh_computer(%)": 88.30998922579653,
    "hh_no_computer": 1519,
    "hh_no_computer(%)": 11.69001077420348,
    "computer_rr": 100,
    "hh_broadband": 10875,
    "hh_broadband(%)": 83.6924734492843,
    "hh_poverty(%)": 10.55,
    "hh_unemployment(%)": 6.6,
    "hh_median_income": 58381,
    "total_hispanic": 7558,
    "total_hispanic(%)": 21.88187608569774,
    "total_black": 1039,
    "total_black(%)": 3.00810654313839,
    "total_white": 11825,
    "total_white(%)": 34.23566878980891,
    "total_asian": 13675,
    "total_asian(%)": 39.59177764910249,
    "ccvi_score": 21.6,
    "ccvi_cat": "LOW",
    "hardship_score": 43
  },
  {
    "": 11,
    "name": "Brighton Park",
    "comm_num": 58,
    "total_pop": 44156,
    "total_households": 12581,
    "hh_no_internet": 2631,
    "hh_no_internet(%)": 20.91248708369764,
    "hh_internet": 9540,
    "hh_internet(%)": 75.82863047452508,
    "internet_rr": 96.74111755822273,
    "hh_computer": 10466,
    "hh_computer(%)": 83.18893569668548,
    "hh_no_computer": 2115,
    "hh_no_computer(%)": 16.81106430331452,
    "computer_rr": 100,
    "hh_broadband": 9492,
    "hh_broadband(%)": 75.44710277402432,
    "hh_poverty(%)": 19.2,
    "hh_unemployment(%)": 10.45,
    "hh_median_income": 44717,
    "total_hispanic": 35720,
    "total_hispanic(%)": 80.89500860585198,
    "total_black": 529,
    "total_black(%)": 1.198025183440529,
    "total_white": 3014,
    "total_white(%)": 6.825799438354924,
    "total_asian": 4514,
    "total_asian(%)": 10.222846272307274,
    "ccvi_score": 48.5,
    "ccvi_cat": "HIGH",
    "hardship_score": 84
  },
  {
    "": 12,
    "name": "Burnside",
    "comm_num": 47,
    "total_pop": 2006,
    "total_households": 888,
    "hh_no_internet": 375,
    "hh_no_internet(%)": 42.22972972972973,
    "hh_internet": 477,
    "hh_internet(%)": 53.71621621621622,
    "internet_rr": 95.94594594594594,
    "hh_computer": 557,
    "hh_computer(%)": 62.72522522522522,
    "hh_no_computer": 331,
    "hh_no_computer(%)": 37.27477477477478,
    "computer_rr": 100,
    "hh_broadband": 464,
    "hh_broadband(%)": 52.25225225225225,
    "hh_poverty(%)": 7.5,
    "hh_unemployment(%)": 20.1,
    "hh_median_income": 28864,
    "total_hispanic": 39,
    "total_hispanic(%)": 1.9441674975074776,
    "total_black": 1931,
    "total_black(%)": 96.26121635094715,
    "total_white": 10,
    "total_white(%)": 0.4985044865403789,
    "total_asian": 0,
    "total_asian(%)": 0,
    "ccvi_score": 58.4,
    "ccvi_cat": "HIGH",
    "hardship_score": 79
  },
  {
    "": 13,
    "name": "Calumet Heights",
    "comm_num": 48,
    "total_pop": 12815,
    "total_households": 5319,
    "hh_no_internet": 969,
    "hh_no_internet(%)": 18.217710095882687,
    "hh_internet": 4273,
    "hh_internet(%)": 80.33464937018236,
    "internet_rr": 98.55235946606506,
    "hh_computer": 4455,
    "hh_computer(%)": 83.75634517766497,
    "hh_no_computer": 864,
    "hh_no_computer(%)": 16.243654822335024,
    "computer_rr": 100,
    "hh_broadband": 4232,
    "hh_broadband(%)": 79.56382778717804,
    "hh_poverty(%)": 8.6,
    "hh_unemployment(%)": 8.5,
    "hh_median_income": 47059,
    "total_hispanic": 477,
    "total_hispanic(%)": 3.722200546234881,
    "total_black": 12056,
    "total_black(%)": 94.07725321888411,
    "total_white": 143,
    "total_white(%)": 1.1158798283261802,
    "total_asian": 9,
    "total_asian(%)": 0.07023019898556379,
    "ccvi_score": 46.1,
    "ccvi_cat": "MEDIUM",
    "hardship_score": 38
  },
  {
    "": 14,
    "name": "Chatham",
    "comm_num": 44,
    "total_pop": 30967,
    "total_households": 13907,
    "hh_no_internet": 4133,
    "hh_no_internet(%)": 29.7188466240023,
    "hh_internet": 9288,
    "hh_internet(%)": 66.78651039045084,
    "internet_rr": 96.50535701445315,
    "hh_computer": 11298,
    "hh_computer(%)": 81.23966347882362,
    "hh_no_computer": 2609,
    "hh_no_computer(%)": 18.760336521176384,
    "computer_rr": 100,
    "hh_broadband": 9278,
    "hh_broadband(%)": 66.71460415618034,
    "hh_poverty(%)": 22.5,
    "hh_unemployment(%)": 16,
    "hh_median_income": 33921,
    "total_hispanic": 262,
    "total_hispanic(%)": 0.8460619369005715,
    "total_black": 29625,
    "total_black(%)": 95.66635450641004,
    "total_white": 585,
    "total_white(%)": 1.8891077598734138,
    "total_asian": 124,
    "total_asian(%)": 0.4004262602124843,
    "ccvi_score": 43,
    "ccvi_cat": "MEDIUM",
    "hardship_score": 60
  },
  {
    "": 15,
    "name": "Chicago Lawn",
    "comm_num": 66,
    "total_pop": 51352,
    "total_households": 16368,
    "hh_no_internet": 3878,
    "hh_no_internet(%)": 23.692570869990227,
    "hh_internet": 11319,
    "hh_internet(%)": 69.15322580645162,
    "internet_rr": 92.84579667644184,
    "hh_computer": 13139,
    "hh_computer(%)": 80.27248289345064,
    "hh_no_computer": 3229,
    "hh_no_computer(%)": 19.727517106549364,
    "computer_rr": 100,
    "hh_broadband": 11298,
    "hh_broadband(%)": 69.02492668621701,
    "hh_poverty(%)": 24.6,
    "hh_unemployment(%)": 21,
    "hh_median_income": 34230,
    "total_hispanic": 26481,
    "total_hispanic(%)": 51.56761177753544,
    "total_black": 22177,
    "total_black(%)": 43.18624396323415,
    "total_white": 1525,
    "total_white(%)": 2.9696993301137247,
    "total_asian": 265,
    "total_asian(%)": 0.5160461131017292,
    "ccvi_score": 57.8,
    "ccvi_cat": "HIGH",
    "hardship_score": 80
  },
  {
    "": 16,
    "name": "Clearing",
    "comm_num": 64,
    "total_pop": 24976,
    "total_households": 8837,
    "hh_no_internet": 1463,
    "hh_no_internet(%)": 16.555392101391874,
    "hh_internet": 7043,
    "hh_internet(%)": 79.69899287088379,
    "internet_rr": 96.25438497227566,
    "hh_computer": 7490,
    "hh_computer(%)": 84.75727056693448,
    "hh_no_computer": 1347,
    "hh_no_computer(%)": 15.242729433065518,
    "computer_rr": 100,
    "hh_broadband": 6995,
    "hh_broadband(%)": 79.15582211157633,
    "hh_poverty(%)": 9.9,
    "hh_unemployment(%)": 9.3,
    "hh_median_income": 56250,
    "total_hispanic": 13502,
    "total_hispanic(%)": 54.05989750160154,
    "total_black": 567,
    "total_black(%)": 2.2701793721973096,
    "total_white": 10445,
    "total_white(%)": 41.820147341447786,
    "total_asian": 126,
    "total_asian(%)": 0.5044843049327354,
    "ccvi_score": 42.7,
    "ccvi_cat": "MEDIUM",
    "hardship_score": 29
  },
  {
    "": 17,
    "name": "Douglas",
    "comm_num": 35,
    "total_pop": 21353,
    "total_households": 9767,
    "hh_no_internet": 1776,
    "hh_no_internet(%)": 18.183679737892906,
    "hh_internet": 7751,
    "hh_internet(%)": 79.35906624347292,
    "internet_rr": 97.54274598136583,
    "hh_computer": 8490,
    "hh_computer(%)": 86.925360909184,
    "hh_no_computer": 1277,
    "hh_no_computer(%)": 13.074639090816012,
    "computer_rr": 100,
    "hh_broadband": 7723,
    "hh_broadband(%)": 79.0723866079656,
    "hh_poverty(%)": 21.25,
    "hh_unemployment(%)": 8.85,
    "hh_median_income": 26175.5,
    "total_hispanic": 730,
    "total_hispanic(%)": 3.418723364398445,
    "total_black": 14212,
    "total_black(%)": 66.55739240387769,
    "total_white": 2440,
    "total_white(%)": 11.42696576593453,
    "total_asian": 3168,
    "total_asian(%)": 14.83632276495106,
    "ccvi_score": 36,
    "ccvi_cat": "MEDIUM",
    "hardship_score": 47
  },
  {
    "": 18,
    "name": "Dunning",
    "comm_num": 17,
    "total_pop": 43445,
    "total_households": 15476,
    "hh_no_internet": 2983,
    "hh_no_internet(%)": 19.275006461617988,
    "hh_internet": 12026,
    "hh_internet(%)": 77.70741793745154,
    "internet_rr": 96.98242439906952,
    "hh_computer": 13421,
    "hh_computer(%)": 86.72137503230809,
    "hh_no_computer": 2055,
    "hh_no_computer(%)": 13.27862496769191,
    "computer_rr": 100,
    "hh_broadband": 11819,
    "hh_broadband(%)": 76.36986301369863,
    "hh_poverty(%)": 5.3,
    "hh_unemployment(%)": 3.7,
    "hh_median_income": 68958,
    "total_hispanic": 12855,
    "total_hispanic(%)": 29.58913568880193,
    "total_black": 722,
    "total_black(%)": 1.6618713315686502,
    "total_white": 27080,
    "total_white(%)": 62.33168373805962,
    "total_asian": 2509,
    "total_asian(%)": 5.775117965243411,
    "ccvi_score": 36,
    "ccvi_cat": "MEDIUM",
    "hardship_score": 28
  },
  {
    "": 19,
    "name": "East Garfield Park",
    "comm_num": 27,
    "total_pop": 18940,
    "total_households": 6794,
    "hh_no_internet": 2149,
    "hh_no_internet(%)": 31.630850750662347,
    "hh_internet": 4151,
    "hh_internet(%)": 61.09802767147483,
    "internet_rr": 92.72887842213719,
    "hh_computer": 5234,
    "hh_computer(%)": 77.03856343832794,
    "hh_no_computer": 1560,
    "hh_no_computer(%)": 22.961436561672063,
    "computer_rr": 100,
    "hh_broadband": 4143,
    "hh_broadband(%)": 60.98027671474831,
    "hh_poverty(%)": 33.05,
    "hh_unemployment(%)": 16,
    "hh_median_income": 26500.5,
    "total_hispanic": 537,
    "total_hispanic(%)": 2.8352692713833156,
    "total_black": 16733,
    "total_black(%)": 88.34741288278775,
    "total_white": 1128,
    "total_white(%)": 5.955649419218585,
    "total_asian": 119,
    "total_asian(%)": 0.6282998944033791,
    "ccvi_score": 47.9,
    "ccvi_cat": "HIGH",
    "hardship_score": 83
  },
  {
    "": 20,
    "name": "East Side",
    "comm_num": 52,
    "total_pop": 23723,
    "total_households": 6976,
    "hh_no_internet": 1196,
    "hh_no_internet(%)": 17.144495412844037,
    "hh_internet": 5686,
    "hh_internet(%)": 81.50802752293578,
    "internet_rr": 98.65252293577981,
    "hh_computer": 6063,
    "hh_computer(%)": 86.91227064220183,
    "hh_no_computer": 913,
    "hh_no_computer(%)": 13.087729357798164,
    "computer_rr": 100,
    "hh_broadband": 5677,
    "hh_broadband(%)": 81.37901376146789,
    "hh_poverty(%)": 15.5,
    "hh_unemployment(%)": 10.05,
    "hh_median_income": 50527,
    "total_hispanic": 19446,
    "total_hispanic(%)": 81.97108291531426,
    "total_black": 867,
    "total_black(%)": 3.654681111157948,
    "total_white": 3258,
    "total_white(%)": 13.73350756649665,
    "total_asian": 107,
    "total_asian(%)": 0.451039076002192,
    "ccvi_score": 43.9,
    "ccvi_cat": "MEDIUM",
    "hardship_score": 64
  },
  {
    "": 21,
    "name": "Edgewater",
    "comm_num": 77,
    "total_pop": 57649,
    "total_households": 29275,
    "hh_no_internet": 3455,
    "hh_no_internet(%)": 11.801878736122971,
    "hh_internet": 23768,
    "hh_internet(%)": 81.18872758326216,
    "internet_rr": 92.99060631938514,
    "hh_computer": 26703,
    "hh_computer(%)": 91.21434671221178,
    "hh_no_computer": 2572,
    "hh_no_computer(%)": 8.785653287788216,
    "computer_rr": 100,
    "hh_broadband": 23711,
    "hh_broadband(%)": 80.99402220324508,
    "hh_poverty(%)": 12,
    "hh_unemployment(%)": 4.6,
    "hh_median_income": 47500,
    "total_hispanic": 8673,
    "total_hispanic(%)": 15.04449339971205,
    "total_black": 7096,
    "total_black(%)": 12.308973269267463,
    "total_white": 32630,
    "total_white(%)": 56.60115526722059,
    "total_asian": 7169,
    "total_asian(%)": 12.435601658311505,
    "ccvi_score": 17.3,
    "ccvi_cat": "LOW",
    "hardship_score": 19
  },
  {
    "": 22,
    "name": "Edison Park",
    "comm_num": 9,
    "total_pop": 11264,
    "total_households": 4662,
    "hh_no_internet": 654,
    "hh_no_internet(%)": 14.028314028314028,
    "hh_internet": 3979,
    "hh_internet(%)": 85.34963534963535,
    "internet_rr": 99.37794937794938,
    "hh_computer": 4194,
    "hh_computer(%)": 89.96138996138995,
    "hh_no_computer": 468,
    "hh_no_computer(%)": 10.038610038610038,
    "computer_rr": 100,
    "hh_broadband": 3944,
    "hh_broadband(%)": 84.5988845988846,
    "hh_poverty(%)": 2.9,
    "hh_unemployment(%)": 1.2,
    "hh_median_income": 108563,
    "total_hispanic": 1131,
    "total_hispanic(%)": 10.040838068181818,
    "total_black": 42,
    "total_black(%)": 0.3728693181818182,
    "total_white": 9382,
    "total_white(%)": 83.2919034090909,
    "total_asian": 387,
    "total_asian(%)": 3.4357244318181817,
    "ccvi_score": 24.2,
    "ccvi_cat": "LOW",
    "hardship_score": 8
  },
  {
    "": 23,
    "name": "Englewood",
    "comm_num": 68,
    "total_pop": 22921,
    "total_households": 8983,
    "hh_no_internet": 3108,
    "hh_no_internet(%)": 34.59868640765891,
    "hh_internet": 5083,
    "hh_internet(%)": 56.58465991316932,
    "internet_rr": 91.18334632082824,
    "hh_computer": 6728,
    "hh_computer(%)": 74.89702771902482,
    "hh_no_computer": 2255,
    "hh_no_computer(%)": 25.102972280975177,
    "computer_rr": 100,
    "hh_broadband": 5058,
    "hh_broadband(%)": 56.306356451074244,
    "hh_poverty(%)": 36.6,
    "hh_unemployment(%)": 25.7,
    "hh_median_income": 23125,
    "total_hispanic": 846,
    "total_hispanic(%)": 3.690938440731207,
    "total_black": 21692,
    "total_black(%)": 94.63810479472973,
    "total_white": 140,
    "total_white(%)": 0.6107935953928711,
    "total_asian": 68,
    "total_asian(%)": 0.29667117490510886,
    "ccvi_score": 55.3,
    "ccvi_cat": "HIGH",
    "hardship_score": 94
  },
  {
    "": 24,
    "name": "Forest Glen",
    "comm_num": 12,
    "total_pop": 19384,
    "total_households": 6971,
    "hh_no_internet": 613,
    "hh_no_internet(%)": 8.793573375412421,
    "hh_internet": 6152,
    "hh_internet(%)": 88.2513269258356,
    "internet_rr": 97.04490030124802,
    "hh_computer": 6474,
    "hh_computer(%)": 92.87046334815665,
    "hh_no_computer": 497,
    "hh_no_computer(%)": 7.129536651843351,
    "computer_rr": 100,
    "hh_broadband": 6078,
    "hh_broadband(%)": 87.18978625735188,
    "hh_poverty(%)": 2.95,
    "hh_unemployment(%)": 3.35,
    "hh_median_income": 125533.5,
    "total_hispanic": 2933,
    "total_hispanic(%)": 15.131035905901774,
    "total_black": 231,
    "total_black(%)": 1.1917044985555099,
    "total_white": 13625,
    "total_white(%)": 70.28992983904251,
    "total_asian": 2071,
    "total_asian(%)": 10.684069335534462,
    "ccvi_score": 18.9,
    "ccvi_cat": "LOW",
    "hardship_score": 11
  },
  {
    "": 25,
    "name": "Fuller Park",
    "comm_num": 37,
    "total_pop": 2330,
    "total_households": 1128,
    "hh_no_internet": 391,
    "hh_no_internet(%)": 34.66312056737589,
    "hh_internet": 666,
    "hh_internet(%)": 59.04255319148937,
    "internet_rr": 93.70567375886525,
    "hh_computer": 783,
    "hh_computer(%)": 69.41489361702128,
    "hh_no_computer": 345,
    "hh_no_computer(%)": 30.585106382978722,
    "computer_rr": 100,
    "hh_broadband": 666,
    "hh_broadband(%)": 59.04255319148937,
    "hh_poverty(%)": 21.7,
    "hh_unemployment(%)": 25.3,
    "hh_median_income": 23746.5,
    "total_hispanic": 119,
    "total_hispanic(%)": 5.1072961373390555,
    "total_black": 2160,
    "total_black(%)": 92.7038626609442,
    "total_white": 45,
    "total_white(%)": 1.9313304721030045,
    "total_asian": 0,
    "total_asian(%)": 0,
    "ccvi_score": 50.1,
    "ccvi_cat": "HIGH",
    "hardship_score": 97
  },
  {
    "": 26,
    "name": "Gage Park",
    "comm_num": 63,
    "total_pop": 37478,
    "total_households": 9828,
    "hh_no_internet": 1926,
    "hh_no_internet(%)": 19.5970695970696,
    "hh_internet": 7220,
    "hh_internet(%)": 73.46357346357347,
    "internet_rr": 93.06064306064306,
    "hh_computer": 8119,
    "hh_computer(%)": 82.61090761090762,
    "hh_no_computer": 1709,
    "hh_no_computer(%)": 17.38909238909239,
    "computer_rr": 100,
    "hh_broadband": 7220,
    "hh_broadband(%)": 73.46357346357347,
    "hh_poverty(%)": 16.3,
    "hh_unemployment(%)": 13,
    "hh_median_income": 43411.5,
    "total_hispanic": 34222,
    "total_hispanic(%)": 91.31223651208708,
    "total_black": 1497,
    "total_black(%)": 3.99434334809755,
    "total_white": 1475,
    "total_white(%)": 3.93564224344949,
    "total_asian": 232,
    "total_asian(%)": 0.6190298308340894,
    "ccvi_score": 58.8,
    "ccvi_cat": "HIGH",
    "hardship_score": 93
  },
  {
    "": 27,
    "name": "Garfield Ridge",
    "comm_num": 56,
    "total_pop": 37207,
    "total_households": 12301,
    "hh_no_internet": 2077,
    "hh_no_internet(%)": 16.884806113324117,
    "hh_internet": 9551,
    "hh_internet(%)": 77.6440939760995,
    "internet_rr": 94.52890008942363,
    "hh_computer": 10680,
    "hh_computer(%)": 86.8222095764572,
    "hh_no_computer": 1621,
    "hh_no_computer(%)": 13.1777904235428,
    "computer_rr": 100,
    "hh_broadband": 9475,
    "hh_broadband(%)": 77.02625802780261,
    "hh_poverty(%)": 6.6000000000000005,
    "hh_unemployment(%)": 9.55,
    "hh_median_income": 61334.5,
    "total_hispanic": 18971,
    "total_hispanic(%)": 50.98771736501197,
    "total_black": 1954,
    "total_black(%)": 5.25169994893434,
    "total_white": 15558,
    "total_white(%)": 41.814712285322656,
    "total_asian": 450,
    "total_asian(%)": 1.2094498347085225,
    "ccvi_score": 49,
    "ccvi_cat": "HIGH",
    "hardship_score": 32
  },
  {
    "": 28,
    "name": "Grand Boulevard",
    "comm_num": 38,
    "total_pop": 22643,
    "total_households": 10702,
    "hh_no_internet": 2481,
    "hh_no_internet(%)": 23.1825826948234,
    "hh_internet": 7842,
    "hh_internet(%)": 73.27602317323864,
    "internet_rr": 96.45860586806204,
    "hh_computer": 8809,
    "hh_computer(%)": 82.31171743599327,
    "hh_no_computer": 1893,
    "hh_no_computer(%)": 17.688282564006727,
    "computer_rr": 100,
    "hh_broadband": 7820,
    "hh_broadband(%)": 73.0704541207251,
    "hh_poverty(%)": 21.35,
    "hh_unemployment(%)": 13.85,
    "hh_median_income": 40000,
    "total_hispanic": 513,
    "total_hispanic(%)": 2.265600847944177,
    "total_black": 20558,
    "total_black(%)": 90.79185620279998,
    "total_white": 816,
    "total_white(%)": 3.603762752285475,
    "total_asian": 157,
    "total_asian(%)": 0.6933710197412003,
    "ccvi_score": 41.3,
    "ccvi_cat": "MEDIUM",
    "hardship_score": 57
  },
  {
    "": 29,
    "name": "Greater Grand Crossing",
    "comm_num": 69,
    "total_pop": 30149,
    "total_households": 12134,
    "hh_no_internet": 3840,
    "hh_no_internet(%)": 31.646612823471237,
    "hh_internet": 7700,
    "hh_internet(%)": 63.45805175539806,
    "internet_rr": 95.10466457886929,
    "hh_computer": 9691,
    "hh_computer(%)": 79.86649085215099,
    "hh_no_computer": 2443,
    "hh_no_computer(%)": 20.13350914784902,
    "computer_rr": 100,
    "hh_broadband": 7656,
    "hh_broadband(%)": 63.09543431679578,
    "hh_poverty(%)": 31.049999999999997,
    "hh_unemployment(%)": 20,
    "hh_median_income": 29197.5,
    "total_hispanic": 524,
    "total_hispanic(%)": 1.7380344290026204,
    "total_black": 28839,
    "total_black(%)": 95.65491392749344,
    "total_white": 304,
    "total_white(%)": 1.0083253175893065,
    "total_asian": 4,
    "total_asian(%)": 0.01326743838933298,
    "ccvi_score": 46,
    "ccvi_cat": "MEDIUM",
    "hardship_score": 66
  },
  {
    "": 30,
    "name": "Hegewisch",
    "comm_num": 55,
    "total_pop": 9089,
    "total_households": 3530,
    "hh_no_internet": 644,
    "hh_no_internet(%)": 18.243626062322946,
    "hh_internet": 2714,
    "hh_internet(%)": 76.88385269121814,
    "internet_rr": 95.12747875354107,
    "hh_computer": 3045,
    "hh_computer(%)": 86.26062322946176,
    "hh_no_computer": 485,
    "hh_no_computer(%)": 13.739376770538245,
    "computer_rr": 100,
    "hh_broadband": 2714,
    "hh_broadband(%)": 76.88385269121814,
    "hh_poverty(%)": 9.200000000000001,
    "hh_unemployment(%)": 6,
    "hh_median_income": 53768.5,
    "total_hispanic": 5491,
    "total_hispanic(%)": 60.41368687424359,
    "total_black": 385,
    "total_black(%)": 4.235889536802729,
    "total_white": 3191,
    "total_white(%)": 35.10837275827924,
    "total_asian": 0,
    "total_asian(%)": 0,
    "ccvi_score": 35.8,
    "ccvi_cat": "MEDIUM",
    "hardship_score": 44
  },
  {
    "": 31,
    "name": "Hermosa",
    "comm_num": 20,
    "total_pop": 23481,
    "total_households": 7112,
    "hh_no_internet": 1380,
    "hh_no_internet(%)": 19.40382452193476,
    "hh_internet": 5309,
    "hh_internet(%)": 74.64848143982003,
    "internet_rr": 94.05230596175478,
    "hh_computer": 6159,
    "hh_computer(%)": 86.60011248593926,
    "hh_no_computer": 953,
    "hh_no_computer(%)": 13.399887514060744,
    "computer_rr": 100,
    "hh_broadband": 5294,
    "hh_broadband(%)": 74.43757030371204,
    "hh_poverty(%)": 16.15,
    "hh_unemployment(%)": 5.699999999999999,
    "hh_median_income": 49172,
    "total_hispanic": 19362,
    "total_hispanic(%)": 82.45815765938418,
    "total_black": 910,
    "total_black(%)": 3.875473787317406,
    "total_white": 2513,
    "total_white(%)": 10.702269920361143,
    "total_asian": 518,
    "total_asian(%)": 2.2060389250883694,
    "ccvi_score": 50.3,
    "ccvi_cat": "HIGH",
    "hardship_score": 71
  },
  {
    "": 32,
    "name": "Humboldt Park",
    "comm_num": 23,
    "total_pop": 55364,
    "total_households": 17518,
    "hh_no_internet": 4278,
    "hh_no_internet(%)": 24.420595958442746,
    "hh_internet": 12005,
    "hh_internet(%)": 68.5295125014271,
    "internet_rr": 92.95010845986985,
    "hh_computer": 14650,
    "hh_computer(%)": 83.62826806713095,
    "hh_no_computer": 2868,
    "hh_no_computer(%)": 16.37173193286905,
    "computer_rr": 100,
    "hh_broadband": 11955,
    "hh_broadband(%)": 68.24409179130038,
    "hh_poverty(%)": 20.1,
    "hh_unemployment(%)": 9.7,
    "hh_median_income": 40675,
    "total_hispanic": 32318,
    "total_hispanic(%)": 58.373672422512826,
    "total_black": 17697,
    "total_black(%)": 31.964814681020158,
    "total_white": 4265,
    "total_white(%)": 7.703561881366953,
    "total_asian": 347,
    "total_asian(%)": 0.6267610721768658,
    "ccvi_score": 52.4,
    "ccvi_cat": "HIGH",
    "hardship_score": 85
  },
  {
    "": 33,
    "name": "Hyde Park",
    "comm_num": 41,
    "total_pop": 27482,
    "total_households": 13288,
    "hh_no_internet": 1212,
    "hh_no_internet(%)": 9.121011438892234,
    "hh_internet": 11242,
    "hh_internet(%)": 84.60264900662253,
    "internet_rr": 93.72366044551474,
    "hh_computer": 12511,
    "hh_computer(%)": 94.15261890427453,
    "hh_no_computer": 777,
    "hh_no_computer(%)": 5.847381095725466,
    "computer_rr": 100,
    "hh_broadband": 11185,
    "hh_broadband(%)": 84.17369054786273,
    "hh_poverty(%)": 4.95,
    "hh_unemployment(%)": 5.65,
    "hh_median_income": 50317,
    "total_hispanic": 2047,
    "total_hispanic(%)": 7.448511753147515,
    "total_black": 7268,
    "total_black(%)": 26.446401280838366,
    "total_white": 13156,
    "total_white(%)": 47.87133396404919,
    "total_asian": 3719,
    "total_asian(%)": 13.532493996070155,
    "ccvi_score": 16.7,
    "ccvi_cat": "LOW",
    "hardship_score": 14
  },
  {
    "": 34,
    "name": "Irving Park",
    "comm_num": 16,
    "total_pop": 53530,
    "total_households": 20561,
    "hh_no_internet": 2987,
    "hh_no_internet(%)": 14.527503526093088,
    "hh_internet": 16931,
    "hh_internet(%)": 82.34521667234084,
    "internet_rr": 96.87272019843392,
    "hh_computer": 18890,
    "hh_computer(%)": 91.87296337726765,
    "hh_no_computer": 1671,
    "hh_no_computer(%)": 8.127036622732357,
    "computer_rr": 100,
    "hh_broadband": 16820,
    "hh_broadband(%)": 81.80535966149506,
    "hh_poverty(%)": 6.7,
    "hh_unemployment(%)": 3.5,
    "hh_median_income": 67903,
    "total_hispanic": 22426,
    "total_hispanic(%)": 41.894264898187934,
    "total_black": 1750,
    "total_black(%)": 3.269194844012703,
    "total_white": 22902,
    "total_white(%)": 42.78348589575939,
    "total_asian": 4529,
    "total_asian(%)": 8.460676256304875,
    "ccvi_score": 30.3,
    "ccvi_cat": "LOW",
    "hardship_score": 34
  },
  {
    "": 35,
    "name": "Jefferson Park",
    "comm_num": 11,
    "total_pop": 27503,
    "total_households": 10381,
    "hh_no_internet": 1218,
    "hh_no_internet(%)": 11.732973701955496,
    "hh_internet": 8997,
    "hh_internet(%)": 86.66795106444467,
    "internet_rr": 98.40092476640015,
    "hh_computer": 9509,
    "hh_computer(%)": 91.60003853193334,
    "hh_no_computer": 872,
    "hh_no_computer(%)": 8.39996146806666,
    "computer_rr": 100,
    "hh_broadband": 8913,
    "hh_broadband(%)": 85.85878046430979,
    "hh_poverty(%)": 6.550000000000001,
    "hh_unemployment(%)": 5.05,
    "hh_median_income": 80223.5,
    "total_hispanic": 6806,
    "total_hispanic(%)": 24.74639130276697,
    "total_black": 293,
    "total_black(%)": 1.0653383267279932,
    "total_white": 17060,
    "total_white(%)": 62.02959677126132,
    "total_asian": 2625,
    "total_asian(%)": 9.544413336726903,
    "ccvi_score": 25.6,
    "ccvi_cat": "LOW",
    "hardship_score": 25
  },
  {
    "": 36,
    "name": "Kenwood",
    "comm_num": 39,
    "total_pop": 17954,
    "total_households": 9571,
    "hh_no_internet": 1561,
    "hh_no_internet(%)": 16.309685508306345,
    "hh_internet": 7493,
    "hh_internet(%)": 78.28858008567548,
    "internet_rr": 94.59826559398182,
    "hh_computer": 8621,
    "hh_computer(%)": 90.07418242607878,
    "hh_no_computer": 950,
    "hh_no_computer(%)": 9.92581757392122,
    "computer_rr": 100,
    "hh_broadband": 7490,
    "hh_broadband(%)": 78.25723539859993,
    "hh_poverty(%)": 8.3,
    "hh_unemployment(%)": 7,
    "hh_median_income": 51849,
    "total_hispanic": 435,
    "total_hispanic(%)": 2.422858415951877,
    "total_black": 12108,
    "total_black(%)": 67.43901080539155,
    "total_white": 3411,
    "total_white(%)": 18.99855185473989,
    "total_asian": 1245,
    "total_asian(%)": 6.9343878801381305,
    "ccvi_score": 24.9,
    "ccvi_cat": "LOW",
    "hardship_score": 26
  },
  {
    "": 37,
    "name": "Lake View",
    "comm_num": 6,
    "total_pop": 101365,
    "total_households": 53480,
    "hh_no_internet": 3065,
    "hh_no_internet(%)": 5.731114435302917,
    "hh_internet": 48836,
    "hh_internet(%)": 91.31637995512341,
    "internet_rr": 97.04749439042632,
    "hh_computer": 51552,
    "hh_computer(%)": 96.39491398653702,
    "hh_no_computer": 1928,
    "hh_no_computer(%)": 3.605086013462977,
    "computer_rr": 100,
    "hh_broadband": 48705,
    "hh_broadband(%)": 91.07142857142857,
    "hh_poverty(%)": 1.5,
    "hh_unemployment(%)": 2.3499999999999996,
    "hh_median_income": 100816,
    "total_hispanic": 8703,
    "total_hispanic(%)": 8.585803778424506,
    "total_black": 4044,
    "total_black(%)": 3.9895427415774676,
    "total_white": 78688,
    "total_white(%)": 77.62837271247473,
    "total_asian": 7023,
    "total_asian(%)": 6.92842697183446,
    "ccvi_score": 5.2,
    "ccvi_cat": "LOW",
    "hardship_score": 5
  },
  {
    "": 38,
    "name": "Lincoln Park",
    "comm_num": 7,
    "total_pop": 69465,
    "total_households": 32395,
    "hh_no_internet": 2026,
    "hh_no_internet(%)": 6.254051551165303,
    "hh_internet": 29514,
    "hh_internet(%)": 91.10665226115141,
    "internet_rr": 97.36070381231671,
    "hh_computer": 30706,
    "hh_computer(%)": 94.78623244327828,
    "hh_no_computer": 1689,
    "hh_no_computer(%)": 5.2137675567217165,
    "computer_rr": 100,
    "hh_broadband": 29489,
    "hh_broadband(%)": 91.02947985800279,
    "hh_poverty(%)": 1.85,
    "hh_unemployment(%)": 2.3,
    "hh_median_income": 127177.5,
    "total_hispanic": 4340,
    "total_hispanic(%)": 6.247750665802922,
    "total_black": 3414,
    "total_black(%)": 4.914705247246816,
    "total_white": 54642,
    "total_white(%)": 78.66119628589936,
    "total_asian": 4995,
    "total_asian(%)": 7.190671561217879,
    "ccvi_score": 7.3,
    "ccvi_cat": "LOW",
    "hardship_score": 2
  },
  {
    "": 39,
    "name": "Lincoln Square",
    "comm_num": 4,
    "total_pop": 42103,
    "total_households": 18347,
    "hh_no_internet": 1324,
    "hh_no_internet(%)": 7.216438654820951,
    "hh_internet": 16505,
    "hh_internet(%)": 89.96021147871586,
    "internet_rr": 97.17665013353681,
    "hh_computer": 17464,
    "hh_computer(%)": 95.18722406933013,
    "hh_no_computer": 883,
    "hh_no_computer(%)": 4.812775930669864,
    "computer_rr": 100,
    "hh_broadband": 16488,
    "hh_broadband(%)": 89.86755327846514,
    "hh_poverty(%)": 2.9,
    "hh_unemployment(%)": 3.1,
    "hh_median_income": 86125,
    "total_hispanic": 7611,
    "total_hispanic(%)": 18.077096643944614,
    "total_black": 1470,
    "total_black(%)": 3.491437664774481,
    "total_white": 27165,
    "total_white(%)": 64.52034296843455,
    "total_asian": 3820,
    "total_asian(%)": 9.072987673087427,
    "ccvi_score": 15,
    "ccvi_cat": "LOW",
    "hardship_score": 17
  },
  {
    "": 40,
    "name": "Logan Square",
    "comm_num": 22,
    "total_pop": 73277,
    "total_households": 30250,
    "hh_no_internet": 3681,
    "hh_no_internet(%)": 12.168595041322314,
    "hh_internet": 25710,
    "hh_internet(%)": 84.99173553719008,
    "internet_rr": 97.1603305785124,
    "hh_computer": 26975,
    "hh_computer(%)": 89.17355371900827,
    "hh_no_computer": 3275,
    "hh_no_computer(%)": 10.826446280991735,
    "computer_rr": 100,
    "hh_broadband": 25700,
    "hh_broadband(%)": 84.9586776859504,
    "hh_poverty(%)": 9.5,
    "hh_unemployment(%)": 3.1,
    "hh_median_income": 79231,
    "total_hispanic": 28473,
    "total_hispanic(%)": 38.85666716705105,
    "total_black": 2933,
    "total_black(%)": 4.002620194604037,
    "total_white": 36988,
    "total_white(%)": 50.476957299016064,
    "total_asian": 2850,
    "total_asian(%)": 3.8893513653670317,
    "ccvi_score": 27.7,
    "ccvi_cat": "LOW",
    "hardship_score": 23
  },
  {
    "": 41,
    "name": "Loop",
    "comm_num": 32,
    "total_pop": 38655,
    "total_households": 20723,
    "hh_no_internet": 444,
    "hh_no_internet(%)": 2.1425469285335135,
    "hh_internet": 17758,
    "hh_internet(%)": 85.69222602904985,
    "internet_rr": 87.83477295758337,
    "hh_computer": 20231,
    "hh_computer(%)": 97.62582637648988,
    "hh_no_computer": 492,
    "hh_no_computer(%)": 2.3741736235101096,
    "computer_rr": 100,
    "hh_broadband": 17758,
    "hh_broadband(%)": 85.69222602904985,
    "hh_poverty(%)": 2.3,
    "hh_unemployment(%)": 4.9,
    "hh_median_income": 105094,
    "total_hispanic": 3398,
    "total_hispanic(%)": 8.790583365670676,
    "total_black": 3000,
    "total_black(%)": 7.760962359332558,
    "total_white": 23855,
    "total_white(%)": 61.71258569395939,
    "total_asian": 7111,
    "total_asian(%)": 18.39606777907127,
    "ccvi_score": 8.3,
    "ccvi_cat": "LOW",
    "hardship_score": 3
  },
  {
    "": 42,
    "name": "Lower West Side",
    "comm_num": 31,
    "total_pop": 33203,
    "total_households": 12465,
    "hh_no_internet": 1815,
    "hh_no_internet(%)": 14.560770156438027,
    "hh_internet": 10121,
    "hh_internet(%)": 81.19534697152025,
    "internet_rr": 95.75611712795829,
    "hh_computer": 11109,
    "hh_computer(%)": 89.12154031287606,
    "hh_no_computer": 1356,
    "hh_no_computer(%)": 10.878459687123947,
    "computer_rr": 100,
    "hh_broadband": 10121,
    "hh_broadband(%)": 81.19534697152025,
    "hh_poverty(%)": 13.3,
    "hh_unemployment(%)": 6.2,
    "hh_median_income": 51607,
    "total_hispanic": 23327,
    "total_hispanic(%)": 70.2556997861639,
    "total_black": 1140,
    "total_black(%)": 3.4334246905400114,
    "total_white": 6944,
    "total_white(%)": 20.913772851850737,
    "total_asian": 1327,
    "total_asian(%)": 3.996626810830347,
    "ccvi_score": 48.9,
    "ccvi_cat": "HIGH",
    "hardship_score": 76
  },
  {
    "": 43,
    "name": "McKinley Park",
    "comm_num": 59,
    "total_pop": 15177,
    "total_households": 5175,
    "hh_no_internet": 651,
    "hh_no_internet(%)": 12.579710144927535,
    "hh_internet": 4378,
    "hh_internet(%)": 84.59903381642512,
    "internet_rr": 97.17874396135265,
    "hh_computer": 4684,
    "hh_computer(%)": 90.512077294686,
    "hh_no_computer": 491,
    "hh_no_computer(%)": 9.48792270531401,
    "computer_rr": 100,
    "hh_broadband": 4324,
    "hh_broadband(%)": 83.55555555555556,
    "hh_poverty(%)": 12.3,
    "hh_unemployment(%)": 7,
    "hh_median_income": 48281,
    "total_hispanic": 8552,
    "total_hispanic(%)": 56.34842195427291,
    "total_black": 221,
    "total_black(%)": 1.456150754431047,
    "total_white": 2625,
    "total_white(%)": 17.295908282269224,
    "total_asian": 3625,
    "total_asian(%)": 23.88482572313369,
    "ccvi_score": 36.8,
    "ccvi_cat": "MEDIUM",
    "hardship_score": 61
  },
  {
    "": 44,
    "name": "Montclare",
    "comm_num": 18,
    "total_pop": 14267,
    "total_households": 4560,
    "hh_no_internet": 1071,
    "hh_no_internet(%)": 23.486842105263158,
    "hh_internet": 3305,
    "hh_internet(%)": 72.47807017543859,
    "internet_rr": 95.96491228070175,
    "hh_computer": 3725,
    "hh_computer(%)": 81.68859649122807,
    "hh_no_computer": 835,
    "hh_no_computer(%)": 18.311403508771928,
    "computer_rr": 100,
    "hh_broadband": 3267,
    "hh_broadband(%)": 71.64473684210526,
    "hh_poverty(%)": 10.15,
    "hh_unemployment(%)": 5.2,
    "hh_median_income": 52427.5,
    "total_hispanic": 8552,
    "total_hispanic(%)": 59.94252470736665,
    "total_black": 387,
    "total_black(%)": 2.712553445012967,
    "total_white": 4488,
    "total_white(%)": 31.45720894371627,
    "total_asian": 458,
    "total_asian(%)": 3.210205369033434,
    "ccvi_score": 52.8,
    "ccvi_cat": "HIGH",
    "hardship_score": 50
  },
  {
    "": 45,
    "name": "Morgan Park",
    "comm_num": 75,
    "total_pop": 27114,
    "total_households": 10486,
    "hh_no_internet": 2036,
    "hh_no_internet(%)": 19.416364676711805,
    "hh_internet": 7774,
    "hh_internet(%)": 74.13694449742513,
    "internet_rr": 93.55330917413694,
    "hh_computer": 9082,
    "hh_computer(%)": 86.61071905397672,
    "hh_no_computer": 1404,
    "hh_no_computer(%)": 13.389280946023268,
    "computer_rr": 100,
    "hh_broadband": 7758,
    "hh_broadband(%)": 73.98436009917985,
    "hh_poverty(%)": 5.9,
    "hh_unemployment(%)": 8.1,
    "hh_median_income": 55750,
    "total_hispanic": 2648,
    "total_hispanic(%)": 9.766172457033267,
    "total_black": 14569,
    "total_black(%)": 53.73238917164564,
    "total_white": 9167,
    "total_white(%)": 33.80910230877038,
    "total_asian": 139,
    "total_asian(%)": 0.5126502913623958,
    "ccvi_score": 43.3,
    "ccvi_cat": "MEDIUM",
    "hardship_score": 30
  },
  {
    "": 46,
    "name": "Mount Greenwood",
    "comm_num": 74,
    "total_pop": 19190,
    "total_households": 6692,
    "hh_no_internet": 867,
    "hh_no_internet(%)": 12.955768081291094,
    "hh_internet": 5730,
    "hh_internet(%)": 85.6246264196055,
    "internet_rr": 98.5803945008966,
    "hh_computer": 6106,
    "hh_computer(%)": 91.24327555289898,
    "hh_no_computer": 586,
    "hh_no_computer(%)": 8.756724447101016,
    "computer_rr": 100,
    "hh_broadband": 5714,
    "hh_broadband(%)": 85.38553496712493,
    "hh_poverty(%)": 2.55,
    "hh_unemployment(%)": 3.55,
    "hh_median_income": 99436,
    "total_hispanic": 2010,
    "total_hispanic(%)": 10.47420531526837,
    "total_black": 678,
    "total_black(%)": 3.533090151120375,
    "total_white": 15899,
    "total_white(%)": 82.85044293903074,
    "total_asian": 354,
    "total_asian(%)": 1.8447107868681607,
    "ccvi_score": 30.5,
    "ccvi_cat": "LOW",
    "hardship_score": 16
  },
  {
    "": 47,
    "name": "Near North Side",
    "comm_num": 8,
    "total_pop": 93318,
    "total_households": 57169,
    "hh_no_internet": 2900,
    "hh_no_internet(%)": 5.072679249243471,
    "hh_internet": 51141,
    "hh_internet(%)": 89.45582396053805,
    "internet_rr": 94.52850320978152,
    "hh_computer": 55178,
    "hh_computer(%)": 96.5173433154332,
    "hh_no_computer": 1991,
    "hh_no_computer(%)": 3.4826566845668108,
    "computer_rr": 100,
    "hh_broadband": 51127,
    "hh_broadband(%)": 89.43133516416239,
    "hh_poverty(%)": 2.9,
    "hh_unemployment(%)": 2.7,
    "hh_median_income": 98448.5,
    "total_hispanic": 5257,
    "total_hispanic(%)": 5.633425491330719,
    "total_black": 7649,
    "total_black(%)": 8.196703744186545,
    "total_white": 65416,
    "total_white(%)": 70.10008787157889,
    "total_asian": 12506,
    "total_asian(%)": 13.401487387213615,
    "ccvi_score": 12.1,
    "ccvi_cat": "LOW",
    "hardship_score": 1
  },
  {
    "": 48,
    "name": "Near South Side",
    "comm_num": 33,
    "total_pop": 24729,
    "total_households": 14482,
    "hh_no_internet": 749,
    "hh_no_internet(%)": 5.171937577682641,
    "hh_internet": 13204,
    "hh_internet(%)": 91.17525203701146,
    "internet_rr": 96.3471896146941,
    "hh_computer": 13862,
    "hh_computer(%)": 95.71882336693827,
    "hh_no_computer": 620,
    "hh_no_computer(%)": 4.281176633061732,
    "computer_rr": 100,
    "hh_broadband": 13204,
    "hh_broadband(%)": 91.17525203701146,
    "hh_poverty(%)": 11.8,
    "hh_unemployment(%)": 1.2,
    "hh_median_income": 98320,
    "total_hispanic": 1377,
    "total_hispanic(%)": 5.56836103360427,
    "total_black": 5896,
    "total_black(%)": 23.842452181649076,
    "total_white": 13171,
    "total_white(%)": 53.26135306724898,
    "total_asian": 3470,
    "total_asian(%)": 14.032108051275829,
    "ccvi_score": 15,
    "ccvi_cat": "LOW",
    "hardship_score": 7
  },
  {
    "": 49,
    "name": "Near West Side",
    "comm_num": 28,
    "total_pop": 63170,
    "total_households": 28614,
    "hh_no_internet": 3062,
    "hh_no_internet(%)": 10.701055427413154,
    "hh_internet": 24168,
    "hh_internet(%)": 84.4621513944223,
    "internet_rr": 95.16320682183547,
    "hh_computer": 26473,
    "hh_computer(%)": 92.51764870343189,
    "hh_no_computer": 2141,
    "hh_no_computer(%)": 7.4823512965681145,
    "computer_rr": 100,
    "hh_broadband": 24139,
    "hh_broadband(%)": 84.36080240441743,
    "hh_poverty(%)": 13.850000000000001,
    "hh_unemployment(%)": 7.8,
    "hh_median_income": 60686.5,
    "total_hispanic": 5839,
    "total_hispanic(%)": 9.243311698591103,
    "total_black": 16885,
    "total_black(%)": 26.72946018679753,
    "total_white": 27287,
    "total_white(%)": 43.196137406996996,
    "total_asian": 11246,
    "total_asian(%)": 17.802754472059522,
    "ccvi_score": 20,
    "ccvi_cat": "LOW",
    "hardship_score": 15
  },
  {
    "": 50,
    "name": "New City",
    "comm_num": 61,
    "total_pop": 39508,
    "total_households": 12795,
    "hh_no_internet": 3164,
    "hh_no_internet(%)": 24.7284095349746,
    "hh_internet": 9095,
    "hh_internet(%)": 71.08245408362642,
    "internet_rr": 95.81086361860102,
    "hh_computer": 9783,
    "hh_computer(%)": 76.45955451348183,
    "hh_no_computer": 3012,
    "hh_no_computer(%)": 23.540445486518173,
    "computer_rr": 100,
    "hh_broadband": 9071,
    "hh_broadband(%)": 70.8948808128175,
    "hh_poverty(%)": 30.3,
    "hh_unemployment(%)": 21.1,
    "hh_median_income": 32679,
    "total_hispanic": 24280,
    "total_hispanic(%)": 61.455907664270526,
    "total_black": 9098,
    "total_black(%)": 23.028247443555735,
    "total_white": 5033,
    "total_white(%)": 12.739192062367117,
    "total_asian": 770,
    "total_asian(%)": 1.9489723600283486,
    "ccvi_score": 59.7,
    "ccvi_cat": "HIGH",
    "hardship_score": 91
  },
  {
    "": 51,
    "name": "North Center",
    "comm_num": 5,
    "total_pop": 35543,
    "total_households": 14093,
    "hh_no_internet": 1161,
    "hh_no_internet(%)": 8.238132406159087,
    "hh_internet": 12763,
    "hh_internet(%)": 90.56269069750941,
    "internet_rr": 98.80082310366849,
    "hh_computer": 13419,
    "hh_computer(%)": 95.21748385723409,
    "hh_no_computer": 674,
    "hh_no_computer(%)": 4.782516142765912,
    "computer_rr": 100,
    "hh_broadband": 12739,
    "hh_broadband(%)": 90.39239338678776,
    "hh_poverty(%)": 1.7999999999999998,
    "hh_unemployment(%)": 2.45,
    "hh_median_income": 119904.5,
    "total_hispanic": 4070,
    "total_hispanic(%)": 11.450918605632614,
    "total_black": 750,
    "total_black(%)": 2.110120136173086,
    "total_white": 27629,
    "total_white(%)": 77.7340123231016,
    "total_asian": 1737,
    "total_asian(%)": 4.887038235376868,
    "ccvi_score": 4,
    "ccvi_cat": "LOW",
    "hardship_score": 6
  },
  {
    "": 52,
    "name": "North Lawndale",
    "comm_num": 29,
    "total_pop": 32073,
    "total_households": 11075,
    "hh_no_internet": 3321,
    "hh_no_internet(%)": 29.986455981941308,
    "hh_internet": 6631,
    "hh_internet(%)": 59.87358916478556,
    "internet_rr": 89.86004514672686,
    "hh_computer": 8417,
    "hh_computer(%)": 76,
    "hh_no_computer": 2658,
    "hh_no_computer(%)": 24,
    "computer_rr": 100,
    "hh_broadband": 6603,
    "hh_broadband(%)": 59.62076749435666,
    "hh_poverty(%)": 24.3,
    "hh_unemployment(%)": 14.8,
    "hh_median_income": 29028,
    "total_hispanic": 2966,
    "total_hispanic(%)": 9.247653789792038,
    "total_black": 27522,
    "total_black(%)": 85.8104948087176,
    "total_white": 1159,
    "total_white(%)": 3.6136314033610826,
    "total_asian": 49,
    "total_asian(%)": 0.1527764786580613,
    "ccvi_score": 58.5,
    "ccvi_cat": "HIGH",
    "hardship_score": 87
  },
  {
    "": 53,
    "name": "North Park",
    "comm_num": 13,
    "total_pop": 18914,
    "total_households": 6559,
    "hh_no_internet": 914,
    "hh_no_internet(%)": 13.935051074858972,
    "hh_internet": 5291,
    "hh_internet(%)": 80.66778472328099,
    "internet_rr": 94.60283579813996,
    "hh_computer": 5825,
    "hh_computer(%)": 88.80926970574782,
    "hh_no_computer": 734,
    "hh_no_computer(%)": 11.190730294252173,
    "computer_rr": 100,
    "hh_broadband": 5291,
    "hh_broadband(%)": 80.66778472328099,
    "hh_poverty(%)": 8.45,
    "hh_unemployment(%)": 4.75,
    "hh_median_income": 57096,
    "total_hispanic": 3807,
    "total_hispanic(%)": 20.127947552077828,
    "total_black": 523,
    "total_black(%)": 2.7651475097811145,
    "total_white": 9128,
    "total_white(%)": 48.26054774241303,
    "total_asian": 4764,
    "total_asian(%)": 25.18769165697367,
    "ccvi_score": 40.6,
    "ccvi_cat": "MEDIUM",
    "hardship_score": 33
  },
  {
    "": 54,
    "name": "Norwood Park",
    "comm_num": 10,
    "total_pop": 43405,
    "total_households": 17093,
    "hh_no_internet": 2996,
    "hh_no_internet(%)": 17.527642894752237,
    "hh_internet": 13777,
    "hh_internet(%)": 80.60024571462002,
    "internet_rr": 98.12788860937226,
    "hh_computer": 14586,
    "hh_computer(%)": 85.33317732405078,
    "hh_no_computer": 2507,
    "hh_no_computer(%)": 14.666822675949218,
    "computer_rr": 100,
    "hh_broadband": 13684,
    "hh_broadband(%)": 80.05616334171883,
    "hh_poverty(%)": 2.6500000000000004,
    "hh_unemployment(%)": 2.85,
    "hh_median_income": 83385,
    "total_hispanic": 5859,
    "total_hispanic(%)": 13.498444879622163,
    "total_black": 347,
    "total_black(%)": 0.7994470683101026,
    "total_white": 34329,
    "total_white(%)": 79.0899665937104,
    "total_asian": 1752,
    "total_asian(%)": 4.0364013362515845,
    "ccvi_score": 31.2,
    "ccvi_cat": "LOW",
    "hardship_score": 21
  },
  {
    "": 55,
    "name": "O'Hare",
    "comm_num": 76,
    "total_pop": 12861,
    "total_households": 6120,
    "hh_no_internet": 1198,
    "hh_no_internet(%)": 19.575163398692812,
    "hh_internet": 4670,
    "hh_internet(%)": 76.30718954248366,
    "internet_rr": 95.88235294117648,
    "hh_computer": 5312,
    "hh_computer(%)": 86.79738562091504,
    "hh_no_computer": 808,
    "hh_no_computer(%)": 13.202614379084968,
    "computer_rr": 100,
    "hh_broadband": 4670,
    "hh_broadband(%)": 76.30718954248366,
    "hh_poverty(%)": 5.7,
    "hh_unemployment(%)": 5.9,
    "hh_median_income": 54177,
    "total_hispanic": 1354,
    "total_hispanic(%)": 10.527952725293522,
    "total_black": 256,
    "total_black(%)": 1.9905139569240338,
    "total_white": 9421,
    "total_white(%)": 73.2524687038333,
    "total_asian": 1579,
    "total_asian(%)": 12.277427882746288,
    "ccvi_score": 19,
    "ccvi_cat": "LOW",
    "hardship_score": 24
  },
  {
    "": 56,
    "name": "Oakland",
    "comm_num": 36,
    "total_pop": 7227,
    "total_households": 3233,
    "hh_no_internet": 628,
    "hh_no_internet(%)": 19.424682957005874,
    "hh_internet": 2486,
    "hh_internet(%)": 76.89452520878442,
    "internet_rr": 96.31920816579029,
    "hh_computer": 2796,
    "hh_computer(%)": 86.48314259201979,
    "hh_no_computer": 437,
    "hh_no_computer(%)": 13.516857407980204,
    "computer_rr": 100,
    "hh_broadband": 2486,
    "hh_broadband(%)": 76.89452520878442,
    "hh_poverty(%)": 17.2,
    "hh_unemployment(%)": 12.8,
    "hh_median_income": 31674,
    "total_hispanic": 300,
    "total_hispanic(%)": 4.151100041511,
    "total_black": 6580,
    "total_black(%)": 91.04746091047461,
    "total_white": 206,
    "total_white(%)": 2.8504220285042203,
    "total_asian": 71,
    "total_asian(%)": 0.9824270098242702,
    "ccvi_score": 31.3,
    "ccvi_cat": "LOW",
    "hardship_score": 78
  },
  {
    "": 57,
    "name": "Portage Park",
    "comm_num": 15,
    "total_pop": 64605,
    "total_households": 22481,
    "hh_no_internet": 3261,
    "hh_no_internet(%)": 14.505582491882032,
    "hh_internet": 18658,
    "hh_internet(%)": 82.99452871313554,
    "internet_rr": 97.50011120501757,
    "hh_computer": 20388,
    "hh_computer(%)": 90.68991592900672,
    "hh_no_computer": 2093,
    "hh_no_computer(%)": 9.310084070993284,
    "computer_rr": 100,
    "hh_broadband": 18569,
    "hh_broadband(%)": 82.59863885058493,
    "hh_poverty(%)": 6.15,
    "hh_unemployment(%)": 5.15,
    "hh_median_income": 66520,
    "total_hispanic": 28010,
    "total_hispanic(%)": 43.35577741660862,
    "total_black": 981,
    "total_black(%)": 1.5184583236591596,
    "total_white": 30292,
    "total_white(%)": 46.888011763795376,
    "total_asian": 3391,
    "total_asian(%)": 5.248819750793282,
    "ccvi_score": 34.3,
    "ccvi_cat": "MEDIUM",
    "hardship_score": 35
  },
  {
    "": 58,
    "name": "Pullman",
    "comm_num": 50,
    "total_pop": 6840,
    "total_households": 3147,
    "hh_no_internet": 546,
    "hh_no_internet(%)": 17.349857006673023,
    "hh_internet": 2426,
    "hh_internet(%)": 77.08929138862408,
    "internet_rr": 94.43914839529711,
    "hh_computer": 2776,
    "hh_computer(%)": 88.21099459802987,
    "hh_no_computer": 371,
    "hh_no_computer(%)": 11.78900540197013,
    "computer_rr": 100,
    "hh_broadband": 2394,
    "hh_broadband(%)": 76.07244995233555,
    "hh_poverty(%)": 23.4,
    "hh_unemployment(%)": 17.5,
    "hh_median_income": 42543,
    "total_hispanic": 377,
    "total_hispanic(%)": 5.511695906432749,
    "total_black": 5544,
    "total_black(%)": 81.05263157894737,
    "total_white": 682,
    "total_white(%)": 9.970760233918128,
    "total_asian": 9,
    "total_asian(%)": 0.13157894736842105,
    "ccvi_score": 46.4,
    "ccvi_cat": "MEDIUM",
    "hardship_score": 51
  },
  {
    "": 59,
    "name": "Riverdale",
    "comm_num": 54,
    "total_pop": 7359,
    "total_households": 2641,
    "hh_no_internet": 644,
    "hh_no_internet(%)": 24.384702764104507,
    "hh_internet": 1912,
    "hh_internet(%)": 72.396819386596,
    "internet_rr": 96.7815221507005,
    "hh_computer": 2218,
    "hh_computer(%)": 83.98333964407422,
    "hh_no_computer": 423,
    "hh_no_computer(%)": 16.016660355925787,
    "computer_rr": 100,
    "hh_broadband": 1900,
    "hh_broadband(%)": 71.94244604316546,
    "hh_poverty(%)": 49.2,
    "hh_unemployment(%)": 30.7,
    "hh_median_income": 15408,
    "total_hispanic": 258,
    "total_hispanic(%)": 3.505911129229515,
    "total_black": 6990,
    "total_black(%)": 94.98573175703221,
    "total_white": 89,
    "total_white(%)": 1.2094034515559178,
    "total_asian": 22,
    "total_asian(%)": 0.29895366218236175,
    "ccvi_score": 35.6,
    "ccvi_cat": "MEDIUM",
    "hardship_score": 98
  },
  {
    "": 60,
    "name": "Rogers Park",
    "comm_num": 1,
    "total_pop": 55475,
    "total_households": 24832,
    "hh_no_internet": 4057,
    "hh_no_internet(%)": 16.337789948453608,
    "hh_internet": 19693,
    "hh_internet(%)": 79.30492912371135,
    "internet_rr": 95.64271907216495,
    "hh_computer": 22555,
    "hh_computer(%)": 90.83038015463917,
    "hh_no_computer": 2277,
    "hh_no_computer(%)": 9.169619845360824,
    "computer_rr": 100,
    "hh_broadband": 19672,
    "hh_broadband(%)": 79.22036082474226,
    "hh_poverty(%)": 19.4,
    "hh_unemployment(%)": 6,
    "hh_median_income": 41368,
    "total_hispanic": 10887,
    "total_hispanic(%)": 19.625056331680938,
    "total_black": 15187,
    "total_black(%)": 27.376295628661556,
    "total_white": 24357,
    "total_white(%)": 43.90626408292023,
    "total_asian": 2695,
    "total_asian(%)": 4.858044164037855,
    "ccvi_score": 30.9,
    "ccvi_cat": "LOW",
    "hardship_score": 39
  },
  {
    "": 61,
    "name": "Roseland",
    "comm_num": 49,
    "total_pop": 39162,
    "total_households": 14003,
    "hh_no_internet": 3648,
    "hh_no_internet(%)": 26.051560379918588,
    "hh_internet": 9942,
    "hh_internet(%)": 70.99907162750839,
    "internet_rr": 97.05063200742698,
    "hh_computer": 11608,
    "hh_computer(%)": 82.8965221738199,
    "hh_no_computer": 2395,
    "hh_no_computer(%)": 17.103477826180104,
    "computer_rr": 100,
    "hh_broadband": 9872,
    "hh_broadband(%)": 70.49917874741128,
    "hh_poverty(%)": 17.6,
    "hh_unemployment(%)": 18.1,
    "hh_median_income": 41474.5,
    "total_hispanic": 459,
    "total_hispanic(%)": 1.1720545426689137,
    "total_black": 37280,
    "total_black(%)": 95.19432102548389,
    "total_white": 557,
    "total_white(%)": 1.4222971247638017,
    "total_asian": 165,
    "total_asian(%)": 0.42132679638425,
    "ccvi_score": 54.7,
    "ccvi_cat": "HIGH",
    "hardship_score": 52
  },
  {
    "": 62,
    "name": "South Chicago",
    "comm_num": 46,
    "total_pop": 29936,
    "total_households": 10834,
    "hh_no_internet": 2322,
    "hh_no_internet(%)": 21.432527229093594,
    "hh_internet": 8253,
    "hh_internet(%)": 76.17685065534428,
    "internet_rr": 97.60937788443788,
    "hh_computer": 8732,
    "hh_computer(%)": 80.59811703895144,
    "hh_no_computer": 2102,
    "hh_no_computer(%)": 19.40188296104855,
    "computer_rr": 100,
    "hh_broadband": 8232,
    "hh_broadband(%)": 75.98301642975817,
    "hh_poverty(%)": 23.4,
    "hh_unemployment(%)": 15.95,
    "hh_median_income": 33360,
    "total_hispanic": 5914,
    "total_hispanic(%)": 19.755478353821484,
    "total_black": 22895,
    "total_black(%)": 76.47982362373062,
    "total_white": 842,
    "total_white(%)": 2.8126670229823625,
    "total_asian": 104,
    "total_asian(%)": 0.347407803313736,
    "ccvi_score": 43.8,
    "ccvi_cat": "MEDIUM",
    "hardship_score": 75
  },
  {
    "": 63,
    "name": "South Deering",
    "comm_num": 51,
    "total_pop": 15475,
    "total_households": 5306,
    "hh_no_internet": 1191,
    "hh_no_internet(%)": 22.446287222012813,
    "hh_internet": 4029,
    "hh_internet(%)": 75.93290614398794,
    "internet_rr": 98.37919336600075,
    "hh_computer": 4377,
    "hh_computer(%)": 82.49151903505465,
    "hh_no_computer": 929,
    "hh_no_computer(%)": 17.508480964945345,
    "computer_rr": 100,
    "hh_broadband": 4022,
    "hh_broadband(%)": 75.8009800226159,
    "hh_poverty(%)": 25.65,
    "hh_unemployment(%)": 19.4,
    "hh_median_income": 36221.5,
    "total_hispanic": 4767,
    "total_hispanic(%)": 30.804523424878838,
    "total_black": 10077,
    "total_black(%)": 65.11793214862682,
    "total_white": 587,
    "total_white(%)": 3.7932148626817446,
    "total_asian": 0,
    "total_asian(%)": 0,
    "ccvi_score": 52.5,
    "ccvi_cat": "HIGH",
    "hardship_score": 65
  },
  {
    "": 64,
    "name": "South Lawndale",
    "comm_num": 30,
    "total_pop": 72157,
    "total_households": 18078,
    "hh_no_internet": 5428,
    "hh_no_internet(%)": 30.025445292620866,
    "hh_internet": 11646,
    "hh_internet(%)": 64.4208430136077,
    "internet_rr": 94.44628830622857,
    "hh_computer": 13495,
    "hh_computer(%)": 74.64874433012501,
    "hh_no_computer": 4583,
    "hh_no_computer(%)": 25.351255669874984,
    "computer_rr": 100,
    "hh_broadband": 11622,
    "hh_broadband(%)": 64.28808496515101,
    "hh_poverty(%)": 23.4,
    "hh_unemployment(%)": 8.649999999999999,
    "hh_median_income": 33490.5,
    "total_hispanic": 59873,
    "total_hispanic(%)": 82.97601064345803,
    "total_black": 8898,
    "total_black(%)": 12.331443934753384,
    "total_white": 3112,
    "total_white(%)": 4.3128178832268524,
    "total_asian": 95,
    "total_asian(%)": 0.13165735826045985,
    "ccvi_score": 58.2,
    "ccvi_cat": "HIGH",
    "hardship_score": 96
  },
  {
    "": 65,
    "name": "South Shore",
    "comm_num": 43,
    "total_pop": 50265,
    "total_households": 22306,
    "hh_no_internet": 5697,
    "hh_no_internet(%)": 25.540213395498967,
    "hh_internet": 15985,
    "hh_internet(%)": 71.66233300457276,
    "internet_rr": 97.20254640007172,
    "hh_computer": 17890,
    "hh_computer(%)": 80.20263606204608,
    "hh_no_computer": 4416,
    "hh_no_computer(%)": 19.797363937953914,
    "computer_rr": 100,
    "hh_broadband": 15985,
    "hh_broadband(%)": 71.66233300457276,
    "hh_poverty(%)": 20.9,
    "hh_unemployment(%)": 17.6,
    "hh_median_income": 30306,
    "total_hispanic": 1239,
    "total_hispanic(%)": 2.464935840047747,
    "total_black": 47058,
    "total_black(%)": 93.6198149806028,
    "total_white": 1217,
    "total_white(%)": 2.4211678106037997,
    "total_asian": 98,
    "total_asian(%)": 0.19496667661394607,
    "ccvi_score": 45.6,
    "ccvi_cat": "MEDIUM",
    "hardship_score": 55
  },
  {
    "": 66,
    "name": "Uptown",
    "comm_num": 3,
    "total_pop": 58979,
    "total_households": 30510,
    "hh_no_internet": 4335,
    "hh_no_internet(%)": 14.208456243854473,
    "hh_internet": 24047,
    "hh_internet(%)": 78.81678138315307,
    "internet_rr": 93.02523762700754,
    "hh_computer": 27570,
    "hh_computer(%)": 90.36381514257621,
    "hh_no_computer": 2940,
    "hh_no_computer(%)": 9.636184857423794,
    "computer_rr": 100,
    "hh_broadband": 23999,
    "hh_broadband(%)": 78.65945591609308,
    "hh_poverty(%)": 11.65,
    "hh_unemployment(%)": 4.1,
    "hh_median_income": 60575,
    "total_hispanic": 8609,
    "total_hispanic(%)": 14.596720866749182,
    "total_black": 10476,
    "total_black(%)": 17.76225436172197,
    "total_white": 31974,
    "total_white(%)": 54.21251631936791,
    "total_asian": 6207,
    "total_asian(%)": 10.524084843757947,
    "ccvi_score": 24.4,
    "ccvi_cat": "LOW",
    "hardship_score": 20
  },
  {
    "": 67,
    "name": "Washington Heights",
    "comm_num": 73,
    "total_pop": 26742,
    "total_households": 9287,
    "hh_no_internet": 2129,
    "hh_no_internet(%)": 22.924518143641652,
    "hh_internet": 6712,
    "hh_internet(%)": 72.27306988263163,
    "internet_rr": 95.19758802627328,
    "hh_computer": 8067,
    "hh_computer(%)": 86.86335738128567,
    "hh_no_computer": 1220,
    "hh_no_computer(%)": 13.136642618714331,
    "computer_rr": 100,
    "hh_broadband": 6701,
    "hh_broadband(%)": 72.15462474426619,
    "hh_poverty(%)": 16.25,
    "hh_unemployment(%)": 16.25,
    "hh_median_income": 52541,
    "total_hispanic": 305,
    "total_hispanic(%)": 1.1405280083763367,
    "total_black": 25698,
    "total_black(%)": 96.09602871886919,
    "total_white": 360,
    "total_white(%)": 1.346196993493381,
    "total_asian": 43,
    "total_asian(%)": 0.1607957520005983,
    "ccvi_score": 53.2,
    "ccvi_cat": "HIGH",
    "hardship_score": 48
  },
  {
    "": 68,
    "name": "Washington Park",
    "comm_num": 40,
    "total_pop": 10969,
    "total_households": 4526,
    "hh_no_internet": 1181,
    "hh_no_internet(%)": 26.093680954485198,
    "hh_internet": 3138,
    "hh_internet(%)": 69.33274414494034,
    "internet_rr": 95.42642509942554,
    "hh_computer": 3752,
    "hh_computer(%)": 82.8988068935042,
    "hh_no_computer": 774,
    "hh_no_computer(%)": 17.101193106495803,
    "computer_rr": 100,
    "hh_broadband": 3138,
    "hh_broadband(%)": 69.33274414494034,
    "hh_poverty(%)": 30.5,
    "hh_unemployment(%)": 21.3,
    "hh_median_income": 27473,
    "total_hispanic": 263,
    "total_hispanic(%)": 2.3976661500592575,
    "total_black": 10146,
    "total_black(%)": 92.49703710456741,
    "total_white": 121,
    "total_white(%)": 1.1031087610538792,
    "total_asian": 0,
    "total_asian(%)": 0,
    "ccvi_score": 41.2,
    "ccvi_cat": "MEDIUM",
    "hardship_score": 88
  },
  {
    "": 69,
    "name": "West Elsdon",
    "comm_num": 62,
    "total_pop": 19126,
    "total_households": 5177,
    "hh_no_internet": 960,
    "hh_no_internet(%)": 18.543558045199923,
    "hh_internet": 4063,
    "hh_internet(%)": 78.48174618504926,
    "internet_rr": 97.02530423024918,
    "hh_computer": 4448,
    "hh_computer(%)": 85.91848560942631,
    "hh_no_computer": 729,
    "hh_no_computer(%)": 14.081514390573691,
    "computer_rr": 100,
    "hh_broadband": 4063,
    "hh_broadband(%)": 78.48174618504926,
    "hh_poverty(%)": 5.75,
    "hh_unemployment(%)": 10.45,
    "hh_median_income": 61868,
    "total_hispanic": 15472,
    "total_hispanic(%)": 80.89511659521071,
    "total_black": 320,
    "total_black(%)": 1.6731151312349681,
    "total_white": 2770,
    "total_white(%)": 14.482902854752695,
    "total_asian": 538,
    "total_asian(%)": 2.81292481438879,
    "ccvi_score": 48.6,
    "ccvi_cat": "HIGH",
    "hardship_score": 69
  },
  {
    "": 70,
    "name": "West Englewood",
    "comm_num": 67,
    "total_pop": 26346,
    "total_households": 9483,
    "hh_no_internet": 3612,
    "hh_no_internet(%)": 38.08921227459665,
    "hh_internet": 5428,
    "hh_internet(%)": 57.239270273120326,
    "internet_rr": 95.32848254771696,
    "hh_computer": 6670,
    "hh_computer(%)": 70.33639143730886,
    "hh_no_computer": 2813,
    "hh_no_computer(%)": 29.66360856269113,
    "computer_rr": 100,
    "hh_broadband": 5428,
    "hh_broadband(%)": 57.239270273120326,
    "hh_poverty(%)": 29.9,
    "hh_unemployment(%)": 26.1,
    "hh_median_income": 27277,
    "total_hispanic": 2468,
    "total_hispanic(%)": 9.367645942458058,
    "total_black": 23097,
    "total_black(%)": 87.66795718515145,
    "total_white": 425,
    "total_white(%)": 1.6131481059743416,
    "total_asian": 24,
    "total_asian(%)": 0.09109542245502164,
    "ccvi_score": 63.7,
    "ccvi_cat": "HIGH",
    "hardship_score": 89
  },
  {
    "": 71,
    "name": "West Garfield Park",
    "comm_num": 26,
    "total_pop": 16415,
    "total_households": 5353,
    "hh_no_internet": 1746,
    "hh_no_internet(%)": 32.6172239865496,
    "hh_internet": 3290,
    "hh_internet(%)": 61.46086306743882,
    "internet_rr": 94.07808705398841,
    "hh_computer": 4047,
    "hh_computer(%)": 75.60246590696805,
    "hh_no_computer": 1306,
    "hh_no_computer(%)": 24.397534093031943,
    "computer_rr": 100,
    "hh_broadband": 3272,
    "hh_broadband(%)": 61.124603026340374,
    "hh_poverty(%)": 36.400000000000006,
    "hh_unemployment(%)": 19.55,
    "hh_median_income": 24001.5,
    "total_hispanic": 485,
    "total_hispanic(%)": 2.954614681693573,
    "total_black": 15276,
    "total_black(%)": 93.06122448979592,
    "total_white": 407,
    "total_white(%)": 2.4794395370088336,
    "total_asian": 0,
    "total_asian(%)": 0,
    "ccvi_score": 47.4,
    "ccvi_cat": "MEDIUM",
    "hardship_score": 92
  },
  {
    "": 72,
    "name": "West Lawn",
    "comm_num": 65,
    "total_pop": 31886,
    "total_households": 9272,
    "hh_no_internet": 1752,
    "hh_no_internet(%)": 18.895599654874893,
    "hh_internet": 7094,
    "hh_internet(%)": 76.50992234685073,
    "internet_rr": 95.40552200172563,
    "hh_computer": 7803,
    "hh_computer(%)": 84.15660051768766,
    "hh_no_computer": 1469,
    "hh_no_computer(%)": 15.843399482312337,
    "computer_rr": 100,
    "hh_broadband": 7020,
    "hh_broadband(%)": 75.71182053494393,
    "hh_poverty(%)": 12.55,
    "hh_unemployment(%)": 10.1,
    "hh_median_income": 52992.5,
    "total_hispanic": 26775,
    "total_hispanic(%)": 83.97102176503795,
    "total_black": 845,
    "total_black(%)": 2.6500658596249136,
    "total_white": 4028,
    "total_white(%)": 12.632503292981244,
    "total_asian": 142,
    "total_asian(%)": 0.44533651132158314,
    "ccvi_score": 48.5,
    "ccvi_cat": "HIGH",
    "hardship_score": 56
  },
  {
    "": 73,
    "name": "West Pullman",
    "comm_num": 53,
    "total_pop": 30020,
    "total_households": 10598,
    "hh_no_internet": 2176,
    "hh_no_internet(%)": 20.532175882241933,
    "hh_internet": 8101,
    "hh_internet(%)": 76.43895074542367,
    "internet_rr": 96.9711266276656,
    "hh_computer": 8972,
    "hh_computer(%)": 84.6574825438762,
    "hh_no_computer": 1626,
    "hh_no_computer(%)": 15.342517456123797,
    "computer_rr": 100,
    "hh_broadband": 8076,
    "hh_broadband(%)": 76.20305718060011,
    "hh_poverty(%)": 15.5,
    "hh_unemployment(%)": 15.8,
    "hh_median_income": 43143,
    "total_hispanic": 1562,
    "total_hispanic(%)": 5.203197868087941,
    "total_black": 27579,
    "total_black(%)": 91.86875416389074,
    "total_white": 290,
    "total_white(%)": 0.9660226515656228,
    "total_asian": 0,
    "total_asian(%)": 0,
    "ccvi_score": 49.2,
    "ccvi_cat": "HIGH",
    "hardship_score": 62
  },
  {
    "": 74,
    "name": "West Ridge",
    "comm_num": 2,
    "total_pop": 78466,
    "total_households": 25714,
    "hh_no_internet": 3676,
    "hh_no_internet(%)": 14.29571439682663,
    "hh_internet": 20875,
    "hh_internet(%)": 81.1814575717508,
    "internet_rr": 95.47717196857742,
    "hh_computer": 23515,
    "hh_computer(%)": 91.44823831375905,
    "hh_no_computer": 2199,
    "hh_no_computer(%)": 8.551761686240958,
    "computer_rr": 100,
    "hh_broadband": 20780,
    "hh_broadband(%)": 80.81200902232247,
    "hh_poverty(%)": 14.3,
    "hh_unemployment(%)": 6.05,
    "hh_median_income": 53153,
    "total_hispanic": 14835,
    "total_hispanic(%)": 18.906277878316725,
    "total_black": 9086,
    "total_black(%)": 11.579537634134528,
    "total_white": 31836,
    "total_white(%)": 40.57298702622792,
    "total_asian": 18650,
    "total_asian(%)": 23.768256314837,
    "ccvi_score": 36,
    "ccvi_cat": "MEDIUM",
    "hardship_score": 46
  },
  {
    "": 75,
    "name": "West Town",
    "comm_num": 24,
    "total_pop": 83757,
    "total_households": 37819,
    "hh_no_internet": 3187,
    "hh_no_internet(%)": 8.426981147042492,
    "hh_internet": 33590,
    "hh_internet(%)": 88.81778999973558,
    "internet_rr": 97.24477114677808,
    "hh_computer": 35289,
    "hh_computer(%)": 93.31024088421164,
    "hh_no_computer": 2530,
    "hh_no_computer(%)": 6.68975911578836,
    "computer_rr": 100,
    "hh_broadband": 33553,
    "hh_broadband(%)": 88.71995557788414,
    "hh_poverty(%)": 4.5,
    "hh_unemployment(%)": 2.9,
    "hh_median_income": 102083,
    "total_hispanic": 18567,
    "total_hispanic(%)": 22.1676994161682,
    "total_black": 5727,
    "total_black(%)": 6.837637451198109,
    "total_white": 53095,
    "total_white(%)": 63.39171651324666,
    "total_asian": 4125,
    "total_asian(%)": 4.9249614957555785,
    "ccvi_score": 18.2,
    "ccvi_cat": "LOW",
    "hardship_score": 10
  },
  {
    "": 76,
    "name": "Woodlawn",
    "comm_num": 42,
    "total_pop": 24844,
    "total_households": 10652,
    "hh_no_internet": 2466,
    "hh_no_internet(%)": 23.150582050319187,
    "hh_internet": 7913,
    "hh_internet(%)": 74.2865189635749,
    "internet_rr": 97.43710101389411,
    "hh_computer": 8767,
    "hh_computer(%)": 82.3037927149831,
    "hh_no_computer": 1885,
    "hh_no_computer(%)": 17.6962072850169,
    "computer_rr": 100,
    "hh_broadband": 7913,
    "hh_broadband(%)": 74.2865189635749,
    "hh_poverty(%)": 29.5,
    "hh_unemployment(%)": 18.5,
    "hh_median_income": 28456,
    "total_hispanic": 836,
    "total_hispanic(%)": 3.364997584929963,
    "total_black": 20554,
    "total_black(%)": 82.73224923522781,
    "total_white": 1937,
    "total_white(%)": 7.796651102881984,
    "total_asian": 895,
    "total_asian(%)": 3.6024794719046858,
    "ccvi_score": 37.8,
    "ccvi_cat": "MEDIUM",
    "hardship_score": 58
  }
]
