[
  {
    "STORE NAME": "JOE'S FOOD & LIQUOR",
    "ADDRESS": "3626 W LAWRENCE AVE",
    "COMMUNITY AREA NAME": "ALBANY PARK",
    "LONGITUDE": -87.7194165758,
    "LATITUDE": 41.968445246
  },
  {
    "STORE NAME": "ANDYS FRUIT RANCH",
    "ADDRESS": "4733 N KEDZIE AVE",
    "COMMUNITY AREA NAME": "ALBANY PARK",
    "LONGITUDE": -87.7083036873,
    "LATITUDE": 41.9676291597
  },
  {
    "STORE NAME": "CHICAGO PRODUCE",
    "ADDRESS": "3500 W LAWRENCE AVE",
    "COMMUNITY AREA NAME": "ALBANY PARK",
    "LONGITUDE": -87.7158713295,
    "LATITUDE": 41.9684853733
  },
  {
    "STORE NAME": "LINDO MICHOACAN",
    "ADDRESS": "3142 W LAWRENCE AVE",
    "COMMUNITY AREA NAME": "ALBANY PARK",
    "LONGITUDE": -87.7077877013,
    "LATITUDE": 41.9685727721
  },
  {
    "STORE NAME": "M & J LIQUOR & GROCERY",
    "ADDRESS": "3654 W LAWRENCE AVE",
    "COMMUNITY AREA NAME": "ALBANY PARK",
    "LONGITUDE": -87.7204810114,
    "LATITUDE": 41.9684345799
  },
  {
    "STORE NAME": "MOUNSEF INTERNATIONAL",
    "ADDRESS": "4738 N KEDZIE AVE",
    "COMMUNITY AREA NAME": "ALBANY PARK",
    "LONGITUDE": -87.7086027049,
    "LATITUDE": 41.9677930872
  },
  {
    "STORE NAME": "SAHAR INTERNATIONAL SUPERMARKET",
    "ADDRESS": "4851 N KEDZIE AVE",
    "COMMUNITY AREA NAME": "ALBANY PARK",
    "LONGITUDE": -87.7083728782,
    "LATITUDE": 41.9699575396
  },
  {
    "STORE NAME": "NATIONAL FRUIT STOP",
    "ADDRESS": "3523 W LAWRENCE AVE",
    "COMMUNITY AREA NAME": "ALBANY PARK",
    "LONGITUDE": -87.7168773813,
    "LATITUDE": 41.9682556374
  },
  {
    "STORE NAME": "THREE R FOOD",
    "ADDRESS": "2712 W MONTROSE AVE",
    "COMMUNITY AREA NAME": "ALBANY PARK",
    "LONGITUDE": -87.6966693474,
    "LATITUDE": 41.961370945
  },
  {
    "STORE NAME": "MAYFAIR MARKET PLACE",
    "ADDRESS": "4728 N PULASKI RD",
    "COMMUNITY AREA NAME": "ALBANY PARK",
    "LONGITUDE": -87.7281470478,
    "LATITUDE": 41.9672666701
  },
  {
    "STORE NAME": "ALDI INC #06",
    "ADDRESS": "5001 N PULASKI RD",
    "COMMUNITY AREA NAME": "ALBANY PARK",
    "LONGITUDE": -87.7279868979,
    "LATITUDE": 41.9719812207
  },
  {
    "STORE NAME": "JERUSALEM LIQUORS",
    "ADDRESS": "3133 W LAWRENCE AVE",
    "COMMUNITY AREA NAME": "ALBANY PARK",
    "LONGITUDE": -87.7073943249,
    "LATITUDE": 41.9683547002
  },
  {
    "STORE NAME": "SEVEN NINE ELEVEN FOOD MART, INC.",
    "ADDRESS": "4884 S ARCHER AVE",
    "COMMUNITY AREA NAME": "ARCHER HEIGHTS",
    "LONGITUDE": -87.7199070655,
    "LATITUDE": 41.8046211506
  },
  {
    "STORE NAME": "4343 PETES FRESH MARKET",
    "ADDRESS": "4343 S PULASKI RD",
    "COMMUNITY AREA NAME": "ARCHER HEIGHTS",
    "LONGITUDE": -87.7236649419,
    "LATITUDE": 41.8139143113
  },
  {
    "STORE NAME": "ALDI INC #10",
    "ADDRESS": "4501 S PULASKI RD",
    "COMMUNITY AREA NAME": "ARCHER HEIGHTS",
    "LONGITUDE": -87.7235746544,
    "LATITUDE": 41.8114515422
  },
  {
    "STORE NAME": "GILMART'S  FOOD & LIQUOR",
    "ADDRESS": "5044 S ARCHER AVE",
    "COMMUNITY AREA NAME": "ARCHER HEIGHTS",
    "LONGITUDE": -87.7260437419,
    "LATITUDE": 41.8014000331
  },
  {
    "STORE NAME": "MAYFLOWER FOOD",
    "ADDRESS": "2104 S ARCHER AVE",
    "COMMUNITY AREA NAME": "ARMOUR SQUARE",
    "LONGITUDE": -87.6321895068,
    "LATITUDE": 41.8542653039
  },
  {
    "STORE NAME": "TAI WAH GROCERY",
    "ADDRESS": "2226 S WENTWORTH AVE",
    "COMMUNITY AREA NAME": "ARMOUR SQUARE",
    "LONGITUDE": -87.6321439957,
    "LATITUDE": 41.8521271977
  },
  {
    "STORE NAME": "HONG KONG MARKET",
    "ADDRESS": "520 W 24TH PL",
    "COMMUNITY AREA NAME": "ARMOUR SQUARE",
    "LONGITUDE": -87.6409555275,
    "LATITUDE": 41.8482371659
  },
  {
    "STORE NAME": "LEMEN SUN CORP.",
    "ADDRESS": "2832 S WENTWORTH AVE",
    "COMMUNITY AREA NAME": "ARMOUR SQUARE",
    "LONGITUDE": -87.6319155034,
    "LATITUDE": 41.8416044818
  },
  {
    "STORE NAME": "ALDI'S #93",
    "ADDRESS": "7545 S WESTERN AVE",
    "COMMUNITY AREA NAME": "ASHBURN",
    "LONGITUDE": -87.6828583216,
    "LATITUDE": 41.756035091
  },
  {
    "STORE NAME": "ALDI INC #83",
    "ADDRESS": "8333 S CICERO AVE",
    "COMMUNITY AREA NAME": "ASHBURN",
    "LONGITUDE": -87.7409228594,
    "LATITUDE": 41.7409110654
  },
  {
    "STORE NAME": "ULTRA FOODS",
    "ADDRESS": "3250 W 87TH ST",
    "COMMUNITY AREA NAME": "ASHBURN",
    "LONGITUDE": -87.7035112835,
    "LATITUDE": 41.7352740895
  },
  {
    "STORE NAME": "ALDI #70",
    "ADDRESS": "7627 S ASHLAND AVE",
    "COMMUNITY AREA NAME": "AUBURN GRESHAM",
    "LONGITUDE": -87.6634041558,
    "LATITUDE": 41.7549909175
  },
  {
    "STORE NAME": "SAVE-A-LOT # 854",
    "ADDRESS": "7908 S HALSTED ST",
    "COMMUNITY AREA NAME": "AUBURN GRESHAM",
    "LONGITUDE": -87.6441824061,
    "LATITUDE": 41.7503223874
  },
  {
    "STORE NAME": "79 FOOD BASKET",
    "ADDRESS": "1351 W 79TH ST",
    "COMMUNITY AREA NAME": "AUBURN GRESHAM",
    "LONGITUDE": -87.6581890529,
    "LATITUDE": 41.7503211206
  },
  {
    "STORE NAME": "FIVE STAR CERTIFIED INC",
    "ADDRESS": "935 W 87TH ST",
    "COMMUNITY AREA NAME": "AUBURN GRESHAM",
    "LONGITUDE": -87.6474228803,
    "LATITUDE": 41.7359084057
  },
  {
    "STORE NAME": "Z & S FOOD & LIQUOR",
    "ADDRESS": "1351 W 87TH ST",
    "COMMUNITY AREA NAME": "AUBURN GRESHAM",
    "LONGITUDE": -87.6578282347,
    "LATITUDE": 41.7357569772
  },
  {
    "STORE NAME": "DOLLAR & LINEN",
    "ADDRESS": "1853 W 87TH ST",
    "COMMUNITY AREA NAME": "AUBURN GRESHAM",
    "LONGITUDE": -87.6699517263,
    "LATITUDE": 41.7355890742
  },
  {
    "STORE NAME": "LUX 2 FOOD & LIQUOR",
    "ADDRESS": "7550 S MAY ST",
    "COMMUNITY AREA NAME": "AUBURN GRESHAM",
    "LONGITUDE": -87.6528196032,
    "LATITUDE": 41.7561626996
  },
  {
    "STORE NAME": "THE NEIGHBORHOOD STORE",
    "ADDRESS": "8313 S RACINE AVE",
    "COMMUNITY AREA NAME": "AUBURN GRESHAM",
    "LONGITUDE": -87.6533842508,
    "LATITUDE": 41.7427877337
  },
  {
    "STORE NAME": "ALDI INC STORE #90",
    "ADDRESS": "9017 S HALSTED ST",
    "COMMUNITY AREA NAME": "AUBURN GRESHAM",
    "LONGITUDE": -87.6433090924,
    "LATITUDE": 41.7302972736
  },
  {
    "STORE NAME": "NEIL'S FOOD",
    "ADDRESS": "7749 S HALSTED ST",
    "COMMUNITY AREA NAME": "AUBURN GRESHAM",
    "LONGITUDE": -87.6439505248,
    "LATITUDE": 41.7528304183
  },
  {
    "STORE NAME": "PETE'S PRODUCE",
    "ADDRESS": "1411 W 87TH ST",
    "COMMUNITY AREA NAME": "AUBURN GRESHAM",
    "LONGITUDE": -87.6587177057,
    "LATITUDE": 41.7357448514
  },
  {
    "STORE NAME": "BOB'S LIQUORS & GROCERIES",
    "ADDRESS": "5069 W MADISON ST",
    "COMMUNITY AREA NAME": "AUSTIN",
    "LONGITUDE": -87.7524941982,
    "LATITUDE": 41.8802960895
  },
  {
    "STORE NAME": "OHIO FOOD MART",
    "ADDRESS": "5345 W OHIO ST",
    "COMMUNITY AREA NAME": "AUSTIN",
    "LONGITUDE": -87.7597328373,
    "LATITUDE": 41.8910492873
  },
  {
    "STORE NAME": "FOOD 4 LESS",
    "ADDRESS": "4821 W NORTH AVE",
    "COMMUNITY AREA NAME": "AUSTIN",
    "LONGITUDE": -87.7469599363,
    "LATITUDE": 41.9095051477
  },
  {
    "STORE NAME": "MARIO 'S BUTCHER SHOP FD CNTR",
    "ADDRESS": "5817 W MADISON ST",
    "COMMUNITY AREA NAME": "AUSTIN",
    "LONGITUDE": -87.7704933793,
    "LATITUDE": 41.8800449808
  },
  {
    "STORE NAME": "ADAMS FOOD MART",
    "ADDRESS": "559 N LARAMIE AVE",
    "COMMUNITY AREA NAME": "AUSTIN",
    "LONGITUDE": -87.7553096457,
    "LATITUDE": 41.8910335471
  },
  {
    "STORE NAME": "ALDI INC STORE 14",
    "ADDRESS": "5629 W FILLMORE ST",
    "COMMUNITY AREA NAME": "AUSTIN",
    "LONGITUDE": -87.765597943,
    "LATITUDE": 41.8673156479
  },
  {
    "STORE NAME": "MOO & OINK INC",
    "ADDRESS": "4848 W MADISON ST",
    "COMMUNITY AREA NAME": "AUSTIN",
    "LONGITUDE": -87.7470529414,
    "LATITUDE": 41.8805838854
  },
  {
    "STORE NAME": "A & B FOOD MARKET INC",
    "ADDRESS": "5057 W DIVISION ST",
    "COMMUNITY AREA NAME": "AUSTIN",
    "LONGITUDE": -87.7531823487,
    "LATITUDE": 41.9021664421
  },
  {
    "STORE NAME": "RITE PRICE FOOD",
    "ADDRESS": "5606 W DIVISION ST",
    "COMMUNITY AREA NAME": "AUSTIN",
    "LONGITUDE": -87.7659509238,
    "LATITUDE": 41.9022506897
  },
  {
    "STORE NAME": "NORTHWEST FOOD & LIQUOR",
    "ADDRESS": "5170 W NORTH AVE",
    "COMMUNITY AREA NAME": "AUSTIN",
    "LONGITUDE": -87.7554779679,
    "LATITUDE": 41.9096148952
  },
  {
    "STORE NAME": "SAVE-A-LOT   #856",
    "ADDRESS": "5555 W NORTH AVE",
    "COMMUNITY AREA NAME": "AUSTIN",
    "LONGITUDE": -87.765187785,
    "LATITUDE": 41.9092745667
  },
  {
    "STORE NAME": "SERRELLI'S FOODS",
    "ADDRESS": "6454 W NORTH AVE",
    "COMMUNITY AREA NAME": "AUSTIN",
    "LONGITUDE": -87.7871288207,
    "LATITUDE": 41.909229895
  },
  {
    "STORE NAME": "SUPER JIM'S",
    "ADDRESS": "5147 W DIVISION ST",
    "COMMUNITY AREA NAME": "AUSTIN",
    "LONGITUDE": -87.7552393884,
    "LATITUDE": 41.9021472222
  },
  {
    "STORE NAME": "WINDY CITY INC",
    "ADDRESS": "324 S CICERO AVE",
    "COMMUNITY AREA NAME": "AUSTIN",
    "LONGITUDE": -87.7452502275,
    "LATITUDE": 41.8759443554
  },
  {
    "STORE NAME": "ALDI INC STORE #16",
    "ADDRESS": "1246 E 87TH ST",
    "COMMUNITY AREA NAME": "AVALON PARK",
    "LONGITUDE": -87.5936566218,
    "LATITUDE": 41.736915346
  },
  {
    "STORE NAME": "ALDI #79",
    "ADDRESS": "7800 S SOUTH CHICAGO AVE",
    "COMMUNITY AREA NAME": "AVALON PARK",
    "LONGITUDE": -87.5875234853,
    "LATITUDE": 41.7527456405
  },
  {
    "STORE NAME": "AM-PM FOOD MART & CELLULAR",
    "ADDRESS": "1924 E 87TH ST",
    "COMMUNITY AREA NAME": "AVALON PARK",
    "LONGITUDE": -87.5770809934,
    "LATITUDE": 41.7371462539
  },
  {
    "STORE NAME": "LOS POTRILLOS",
    "ADDRESS": "3624 W BELMONT AVE",
    "COMMUNITY AREA NAME": "AVONDALE",
    "LONGITUDE": -87.7185399405,
    "LATITUDE": 41.939309516
  },
  {
    "STORE NAME": "CARNICERIA LA MEJOR PRODUCE, INC.",
    "ADDRESS": "2915 N MILWAUKEE AVE",
    "COMMUNITY AREA NAME": "AVONDALE",
    "LONGITUDE": -87.7157719991,
    "LATITUDE": 41.9343143994
  },
  {
    "STORE NAME": "WALLY'S INTERNATIONAL MARKET",
    "ADDRESS": "3256 N MILWAUKEE AVE",
    "COMMUNITY AREA NAME": "AVONDALE",
    "LONGITUDE": -87.7258584348,
    "LATITUDE": 41.9401778125
  },
  {
    "STORE NAME": "ALDI'S FOODS BELMONT",
    "ADDRESS": "3320 W BELMONT AVE",
    "COMMUNITY AREA NAME": "AVONDALE",
    "LONGITUDE": -87.7109005918,
    "LATITUDE": 41.9394051879
  },
  {
    "STORE NAME": "JEWEL FOOD STORE #3470",
    "ADDRESS": "3570 N ELSTON AVE",
    "COMMUNITY AREA NAME": "AVONDALE",
    "LONGITUDE": -87.7082301098,
    "LATITUDE": 41.946057604
  },
  {
    "STORE NAME": "CARNICERIA GUANAJUATO #3",
    "ADDRESS": "3132 N CALIFORNIA AVE",
    "COMMUNITY AREA NAME": "AVONDALE",
    "LONGITUDE": -87.6979459455,
    "LATITUDE": 41.9385697153
  },
  {
    "STORE NAME": "JEWEL FOOD STORE #3349",
    "ADDRESS": "2520 N NARRAGANSETT AVE",
    "COMMUNITY AREA NAME": "BELMONT CRAGIN",
    "LONGITUDE": -87.785694824,
    "LATITUDE": 41.9262969563
  },
  {
    "STORE NAME": "A & R FOOD MART",
    "ADDRESS": "5952 W GRAND AVE",
    "COMMUNITY AREA NAME": "BELMONT CRAGIN",
    "LONGITUDE": -87.7751926809,
    "LATITUDE": 41.9205964582
  },
  {
    "STORE NAME": "AL BAYAN GROCERY INC.",
    "ADDRESS": "3134 N NARRAGANSETT AVE",
    "COMMUNITY AREA NAME": "BELMONT CRAGIN",
    "LONGITUDE": -87.7860543686,
    "LATITUDE": 41.9375646502
  },
  {
    "STORE NAME": "LOS SAUCES GROCERY",
    "ADDRESS": "5852 W DIVERSEY AVE",
    "COMMUNITY AREA NAME": "BELMONT CRAGIN",
    "LONGITUDE": -87.7732414533,
    "LATITUDE": 41.9312882001
  },
  {
    "STORE NAME": "FRESH MARKET PLACE",
    "ADDRESS": "2600 N CENTRAL AVE",
    "COMMUNITY AREA NAME": "BELMONT CRAGIN",
    "LONGITUDE": -87.7662665211,
    "LATITUDE": 41.9276476796
  },
  {
    "STORE NAME": "WILLIAM'S PRODUCE",
    "ADDRESS": "6309 W GRAND AVE",
    "COMMUNITY AREA NAME": "BELMONT CRAGIN",
    "LONGITUDE": -87.78339752,
    "LATITUDE": 41.9218942299
  },
  {
    "STORE NAME": "MORELIA SUPERMARKET #2, INC.",
    "ADDRESS": "4833 W DIVERSEY AVE",
    "COMMUNITY AREA NAME": "BELMONT CRAGIN",
    "LONGITUDE": -87.7479369735,
    "LATITUDE": 41.931406291
  },
  {
    "STORE NAME": "T & Z MEAT",
    "ADDRESS": "3021 N CICERO AVE",
    "COMMUNITY AREA NAME": "BELMONT CRAGIN",
    "LONGITUDE": -87.7466186972,
    "LATITUDE": 41.9358159257
  },
  {
    "STORE NAME": "LA LOMA \"CARNICERIA Y TAQUERIA\"",
    "ADDRESS": "2535 N LARAMIE AVE",
    "COMMUNITY AREA NAME": "BELMONT CRAGIN",
    "LONGITUDE": -87.756106183,
    "LATITUDE": 41.9270360931
  },
  {
    "STORE NAME": "CARNICERIA LA VILLA #2",
    "ADDRESS": "5800 W GRAND AVE",
    "COMMUNITY AREA NAME": "BELMONT CRAGIN",
    "LONGITUDE": -87.7707265258,
    "LATITUDE": 41.919774901
  },
  {
    "STORE NAME": "CERMAK PRODUCE",
    "ADDRESS": "4800 W DIVERSEY AVE",
    "COMMUNITY AREA NAME": "BELMONT CRAGIN",
    "LONGITUDE": -87.7467199106,
    "LATITUDE": 41.9316414204
  },
  {
    "STORE NAME": "A & R FOOD MART",
    "ADDRESS": "5952 W GRAND AVE",
    "COMMUNITY AREA NAME": "BELMONT CRAGIN",
    "LONGITUDE": -87.7751926809,
    "LATITUDE": 41.9205964582
  },
  {
    "STORE NAME": "GRAND FOOD MARKET",
    "ADDRESS": "5202 W GRAND AVE",
    "COMMUNITY AREA NAME": "BELMONT CRAGIN",
    "LONGITUDE": -87.7560413324,
    "LATITUDE": 41.9170677465
  },
  {
    "STORE NAME": "ALDI'S",
    "ADDRESS": "6520 W FULLERTON AVE",
    "COMMUNITY AREA NAME": "BELMONT CRAGIN",
    "LONGITUDE": -87.7887477626,
    "LATITUDE": 41.9237604017
  },
  {
    "STORE NAME": "ALDI FOODS STORE #90B",
    "ADDRESS": "2828 N CENTRAL AVE",
    "COMMUNITY AREA NAME": "BELMONT CRAGIN",
    "LONGITUDE": -87.7664245988,
    "LATITUDE": 41.9321576791
  },
  {
    "STORE NAME": "RJ Liquors",
    "ADDRESS": "5640 W FULLERTON AVE",
    "COMMUNITY AREA NAME": "BELMONT CRAGIN",
    "LONGITUDE": -87.7676604864,
    "LATITUDE": 41.9240644164
  },
  {
    "STORE NAME": "SUPERMERCADO LA VILLA",
    "ADDRESS": "5020 W FULLERTON AVE",
    "COMMUNITY AREA NAME": "BELMONT CRAGIN",
    "LONGITUDE": -87.7521150377,
    "LATITUDE": 41.9242727136
  },
  {
    "STORE NAME": "J & A ORIENTAL FOOD MART",
    "ADDRESS": "5755 W FULLERTON AVE",
    "COMMUNITY AREA NAME": "BELMONT CRAGIN",
    "LONGITUDE": -87.7706332364,
    "LATITUDE": 41.9237993545
  },
  {
    "STORE NAME": "TONY'S FINER FOODS ENTERPRISES, INC.",
    "ADDRESS": "2500 N CENTRAL AVE",
    "COMMUNITY AREA NAME": "BELMONT CRAGIN",
    "LONGITUDE": -87.7662048258,
    "LATITUDE": 41.9258928802
  },
  {
    "STORE NAME": "JOE'S FOOD AND LIQUOR DEPOT",
    "ADDRESS": "5834 W FULLERTON AVE",
    "COMMUNITY AREA NAME": "BELMONT CRAGIN",
    "LONGITUDE": -87.7722891067,
    "LATITUDE": 41.9239918266
  },
  {
    "STORE NAME": "CARNICERIA GUANAJUATO",
    "ADDRESS": "5250 W FULLERTON AVE",
    "COMMUNITY AREA NAME": "BELMONT CRAGIN",
    "LONGITUDE": -87.7582297412,
    "LATITUDE": 41.9241891458
  },
  {
    "STORE NAME": "5659 W. DIVERSEY",
    "ADDRESS": "5659 W DIVERSEY AVE",
    "COMMUNITY AREA NAME": "BELMONT CRAGIN",
    "LONGITUDE": -87.7686121306,
    "LATITUDE": 41.9311354035
  },
  {
    "STORE NAME": "CALABRIA IMPORTS, INC.",
    "ADDRESS": "1905 W 103RD ST",
    "COMMUNITY AREA NAME": "BEVERLY",
    "LONGITUDE": -87.6693549885,
    "LATITUDE": 41.7064733245
  },
  {
    "STORE NAME": "ALL STAR FOOD & LIQUOR",
    "ADDRESS": "2911 S ARCHER AVE",
    "COMMUNITY AREA NAME": "BRIDGEPORT",
    "LONGITUDE": -87.6580219776,
    "LATITUDE": 41.8414840391
  },
  {
    "STORE NAME": "OUTLET KINGDOM",
    "ADDRESS": "3449 S HALSTED ST",
    "COMMUNITY AREA NAME": "BRIDGEPORT",
    "LONGITUDE": -87.6459711122,
    "LATITUDE": 41.8310749437
  },
  {
    "STORE NAME": "KAPS FOODS",
    "ADDRESS": "3557 S CALIFORNIA AVE",
    "COMMUNITY AREA NAME": "BRIGHTON PARK",
    "LONGITUDE": -87.69462017,
    "LATITUDE": 41.8283836447
  },
  {
    "STORE NAME": "ROYLA BLUE FOODS",
    "ADDRESS": "4359 S CAMPBELL AVE",
    "COMMUNITY AREA NAME": "BRIGHTON PARK",
    "LONGITUDE": -87.686922014,
    "LATITUDE": 41.8139376802
  },
  {
    "STORE NAME": "ALDI #28",
    "ADDRESS": "4934 S KEDZIE AVE",
    "COMMUNITY AREA NAME": "BRIGHTON PARK",
    "LONGITUDE": -87.7039862718,
    "LATITUDE": 41.8034457131
  },
  {
    "STORE NAME": "LORETO GROCERY",
    "ADDRESS": "4600 S FAIRFIELD AVE",
    "COMMUNITY AREA NAME": "BRIGHTON PARK",
    "LONGITUDE": -87.6931813523,
    "LATITUDE": 41.8100014783
  },
  {
    "STORE NAME": "LA PLAMA",
    "ADDRESS": "4173 S ARCHER AVE",
    "COMMUNITY AREA NAME": "BRIGHTON PARK",
    "LONGITUDE": -87.6983205863,
    "LATITUDE": 41.8175793077
  },
  {
    "STORE NAME": "4700 PETE'S FRESH MARKET",
    "ADDRESS": "4700 S KEDZIE AVE",
    "COMMUNITY AREA NAME": "BRIGHTON PARK",
    "LONGITUDE": -87.7041188223,
    "LATITUDE": 41.8080472717
  },
  {
    "STORE NAME": "MOROLEON FOODS #2 INC.",
    "ADDRESS": "4257 S ROCKWELL ST",
    "COMMUNITY AREA NAME": "BRIGHTON PARK",
    "LONGITUDE": -87.6893858973,
    "LATITUDE": 41.8157711158
  },
  {
    "STORE NAME": "GEMELOS FOOD/ CHECK CASHING SERVICES",
    "ADDRESS": "4300 S MOZART ST",
    "COMMUNITY AREA NAME": "BRIGHTON PARK",
    "LONGITUDE": -87.69579779,
    "LATITUDE": 41.815432001
  },
  {
    "STORE NAME": "LA INTERNATIONAL",
    "ADDRESS": "4301 S ARCHER AVE",
    "COMMUNITY AREA NAME": "BRIGHTON PARK",
    "LONGITUDE": -87.7020416008,
    "LATITUDE": 41.8153006937
  },
  {
    "STORE NAME": "SUPERMERCADO EL GUERO #10 INC",
    "ADDRESS": "4023 S ARCHER AVE",
    "COMMUNITY AREA NAME": "BRIGHTON PARK",
    "LONGITUDE": -87.693426166,
    "LATITUDE": 41.8205830407
  },
  {
    "STORE NAME": "ALLA'S FOOD",
    "ADDRESS": "2024 E 93RD ST",
    "COMMUNITY AREA NAME": "CALUMET HEIGHTS",
    "LONGITUDE": -87.5742922611,
    "LATITUDE": 41.7262403487
  },
  {
    "STORE NAME": "PETE'S PRODUCE",
    "ADDRESS": "1543 E 87TH ST",
    "COMMUNITY AREA NAME": "CALUMET HEIGHTS",
    "LONGITUDE": -87.5862725091,
    "LATITUDE": 41.7367954576
  },
  {
    "STORE NAME": "W K R B FOOD & LIQUOR",
    "ADDRESS": "9361 S COTTAGE GROVE AVE",
    "COMMUNITY AREA NAME": "CHATHAM",
    "LONGITUDE": -87.6043647208,
    "LATITUDE": 41.7238602893
  },
  {
    "STORE NAME": "CHATHAM FOOD MARKET",
    "ADDRESS": "327 E 79TH ST",
    "COMMUNITY AREA NAME": "CHATHAM",
    "LONGITUDE": -87.6169578802,
    "LATITUDE": 41.7509726753
  },
  {
    "STORE NAME": "JEWEL FOOD STORE #3181",
    "ADDRESS": "87 W 87TH ST",
    "COMMUNITY AREA NAME": "CHATHAM",
    "LONGITUDE": -87.626917844,
    "LATITUDE": 41.7361451282
  },
  {
    "STORE NAME": "DISCOUNT MEAT COMPANY",
    "ADDRESS": "339 W 79TH ST",
    "COMMUNITY AREA NAME": "CHATHAM",
    "LONGITUDE": -87.6333809292,
    "LATITUDE": 41.7506874405
  },
  {
    "STORE NAME": "ANAR INC",
    "ADDRESS": "935 E 79TH ST",
    "COMMUNITY AREA NAME": "CHATHAM",
    "LONGITUDE": -87.6014014102,
    "LATITUDE": 41.7512179339
  },
  {
    "STORE NAME": "FOOD 4 LESS",
    "ADDRESS": "112 W 87TH ST",
    "COMMUNITY AREA NAME": "CHATHAM",
    "LONGITUDE": -87.627509219,
    "LATITUDE": 41.7363800456
  },
  {
    "STORE NAME": "PARK FOODS OF 71ST STREET,INC.",
    "ADDRESS": "2612 W 71ST ST",
    "COMMUNITY AREA NAME": "CHICAGO LAWN",
    "LONGITUDE": -87.6887509815,
    "LATITUDE": 41.7647171389
  },
  {
    "STORE NAME": "JEWEL FOOD STORE #3057",
    "ADDRESS": "6057 S WESTERN AVE",
    "COMMUNITY AREA NAME": "CHICAGO LAWN",
    "LONGITUDE": -87.6835988697,
    "LATITUDE": 41.7830611377
  },
  {
    "STORE NAME": "WALGREENS #05034",
    "ADDRESS": "6315 S KEDZIE AVE",
    "COMMUNITY AREA NAME": "CHICAGO LAWN",
    "LONGITUDE": -87.70297606,
    "LATITUDE": 41.77842134
  },
  {
    "STORE NAME": "OLIVE MOUNT MART",
    "ADDRESS": "3536 W 63RD ST",
    "COMMUNITY AREA NAME": "CHICAGO LAWN",
    "LONGITUDE": -87.7118685723,
    "LATITUDE": 41.7789401249
  },
  {
    "STORE NAME": "PRESTIGE LIQUORS",
    "ADDRESS": "7104 S WESTERN AVE",
    "COMMUNITY AREA NAME": "CHICAGO LAWN",
    "LONGITUDE": -87.6833842675,
    "LATITUDE": 41.7644955967
  },
  {
    "STORE NAME": "FIESTA SUPERMARCADO",
    "ADDRESS": "3307 W 63RD ST",
    "COMMUNITY AREA NAME": "CHICAGO LAWN",
    "LONGITUDE": -87.7059035755,
    "LATITUDE": 41.7788185771
  },
  {
    "STORE NAME": "NEW LA ESTRELLA FOODS INC.",
    "ADDRESS": "3003 W 63RD ST",
    "COMMUNITY AREA NAME": "CHICAGO LAWN",
    "LONGITUDE": -87.6984170935,
    "LATITUDE": 41.7789315569
  },
  {
    "STORE NAME": "ALDI INC.#94",
    "ADDRESS": "6025 S WESTERN AVE",
    "COMMUNITY AREA NAME": "CHICAGO LAWN",
    "LONGITUDE": -87.6836233778,
    "LATITUDE": 41.7839658423
  },
  {
    "STORE NAME": "MI MEXICO GROCERY",
    "ADDRESS": "2601 W 59TH ST",
    "COMMUNITY AREA NAME": "CHICAGO LAWN",
    "LONGITUDE": -87.688776514,
    "LATITUDE": 41.7863763432
  },
  {
    "STORE NAME": "OGIES FOOD, INC",
    "ADDRESS": "2600 W LITHUANIAN PLAZA CT",
    "COMMUNITY AREA NAME": "CHICAGO LAWN",
    "LONGITUDE": -87.6883009077,
    "LATITUDE": 41.7683658358
  },
  {
    "STORE NAME": "CARNICERIA LA HACIENDA, INC.",
    "ADDRESS": "3459 W 59TH ST",
    "COMMUNITY AREA NAME": "CHICAGO LAWN",
    "LONGITUDE": -87.7106047774,
    "LATITUDE": 41.786024401
  },
  {
    "STORE NAME": "QUALITY FOOD ON 71 ST INC",
    "ADDRESS": "2557 W 71ST ST",
    "COMMUNITY AREA NAME": "CHICAGO LAWN",
    "LONGITUDE": -87.687986655,
    "LATITUDE": 41.7645116769
  },
  {
    "STORE NAME": "WALGREENS # 06297",
    "ADDRESS": "6016 W 63RD ST",
    "COMMUNITY AREA NAME": "CLEARING",
    "LONGITUDE": -87.7722942,
    "LATITUDE": 41.77795816
  },
  {
    "STORE NAME": "WALGREENS #232",
    "ADDRESS": "3405 S DR MARTIN LUTHER KING JR DR",
    "COMMUNITY AREA NAME": "DOUGLAS",
    "LONGITUDE": -87.6168411,
    "LATITUDE": 41.8326245
  },
  {
    "STORE NAME": "JEWEL FOOD STORE #3043",
    "ADDRESS": "443 E 34TH ST",
    "COMMUNITY AREA NAME": "DOUGLAS",
    "LONGITUDE": -87.6146113644,
    "LATITUDE": 41.8330447382
  },
  {
    "STORE NAME": "JEWEL FOOD STORE #3224",
    "ADDRESS": "6430 W IRVING PARK RD",
    "COMMUNITY AREA NAME": "DUNNING",
    "LONGITUDE": -87.7877071626,
    "LATITUDE": 41.9530102332
  },
  {
    "STORE NAME": "RIVIERA FOODS",
    "ADDRESS": "3218 N HARLEM AVE",
    "COMMUNITY AREA NAME": "DUNNING",
    "LONGITUDE": -87.8069148007,
    "LATITUDE": 41.9385912816
  },
  {
    "STORE NAME": "JOSEPH FOOD MART",
    "ADDRESS": "8235 W IRVING PARK RD",
    "COMMUNITY AREA NAME": "DUNNING",
    "LONGITUDE": -87.8331668434,
    "LATITUDE": 41.9520185577
  },
  {
    "STORE NAME": "LARAMIE BAKERY & DELI",
    "ADDRESS": "3232 N HARLEM AVE",
    "COMMUNITY AREA NAME": "DUNNING",
    "LONGITUDE": -87.8069290648,
    "LATITUDE": 41.9389859689
  },
  {
    "STORE NAME": "BERBATE FRUIT MARKET",
    "ADDRESS": "3956 N NARRAGANSETT AVE",
    "COMMUNITY AREA NAME": "DUNNING",
    "LONGITUDE": -87.7866984426,
    "LATITUDE": 41.9527315616
  },
  {
    "STORE NAME": "MIARA'S CONT'L PASTRY DELI INC",
    "ADDRESS": "7051 W ADDISON ST",
    "COMMUNITY AREA NAME": "DUNNING",
    "LONGITUDE": -87.8029266385,
    "LATITUDE": 41.9452338231
  },
  {
    "STORE NAME": "WALLY'S MARKET INC",
    "ADDRESS": "6601 W IRVING PARK RD",
    "COMMUNITY AREA NAME": "DUNNING",
    "LONGITUDE": -87.7913622126,
    "LATITUDE": 41.9527216579
  },
  {
    "STORE NAME": "AVENUE FOOD MAR INC",
    "ADDRESS": "6850 W BELMONT AVE",
    "COMMUNITY AREA NAME": "DUNNING",
    "LONGITUDE": -87.7977603483,
    "LATITUDE": 41.938237376
  },
  {
    "STORE NAME": "THE CELLAR",
    "ADDRESS": "3106 N HARLEM AVE",
    "COMMUNITY AREA NAME": "DUNNING",
    "LONGITUDE": -87.8068475211,
    "LATITUDE": 41.9366131328
  },
  {
    "STORE NAME": "NEW POP-IN",
    "ADDRESS": "413 S KEDZIE AVE",
    "COMMUNITY AREA NAME": "EAST GARFIELD PARK",
    "LONGITUDE": -87.7058203625,
    "LATITUDE": 41.8754237451
  },
  {
    "STORE NAME": "B & H FOOD & GROCERY",
    "ADDRESS": "713 S ALBANY AVE",
    "COMMUNITY AREA NAME": "EAST GARFIELD PARK",
    "LONGITUDE": -87.7032726418,
    "LATITUDE": 41.872350043
  },
  {
    "STORE NAME": "MA'S & PA'S GROCERY SNACK SHOP",
    "ADDRESS": "804 S CALIFORNIA AVE",
    "COMMUNITY AREA NAME": "EAST GARFIELD PARK",
    "LONGITUDE": -87.6961668842,
    "LATITUDE": 41.8708776439
  },
  {
    "STORE NAME": "ALDI'S # 26",
    "ADDRESS": "10532 S INDIANAPOLIS AVE",
    "COMMUNITY AREA NAME": "EAST SIDE",
    "LONGITUDE": -87.5257124268,
    "LATITUDE": 41.7036623609
  },
  {
    "STORE NAME": "LA CIENEGA SUPER FOOD INC",
    "ADDRESS": "10736 S EWING AVE",
    "COMMUNITY AREA NAME": "EAST SIDE",
    "LONGITUDE": -87.5354268905,
    "LATITUDE": 41.6998148465
  },
  {
    "STORE NAME": "JEWEL FOOD STORE #3139",
    "ADDRESS": "3940 E 106TH ST",
    "COMMUNITY AREA NAME": "EAST SIDE",
    "LONGITUDE": -87.5277040116,
    "LATITUDE": 41.7028060951
  },
  {
    "STORE NAME": "LA UNICA FOOD MART, INC.",
    "ADDRESS": "1515 W DEVON AVE",
    "COMMUNITY AREA NAME": "EDGEWATER",
    "LONGITUDE": -87.6684278857,
    "LATITUDE": 41.9979934597
  },
  {
    "STORE NAME": "HOLLYWOOD TOWER MKT",
    "ADDRESS": "5701 N SHERIDAN RD",
    "COMMUNITY AREA NAME": "EDGEWATER",
    "LONGITUDE": -87.6550943233,
    "LATITUDE": 41.985638421
  },
  {
    "STORE NAME": "SUPER FOOD & LIQUORS, INC.",
    "ADDRESS": "1049 W BRYN MAWR AVE",
    "COMMUNITY AREA NAME": "EDGEWATER",
    "LONGITUDE": -87.657146291,
    "LATITUDE": 41.983563915
  },
  {
    "STORE NAME": "EDGEWATER PRODUCE",
    "ADDRESS": "5509 N CLARK ST",
    "COMMUNITY AREA NAME": "EDGEWATER",
    "LONGITUDE": -87.6683210323,
    "LATITUDE": 41.981971377
  },
  {
    "STORE NAME": "CORCORANS PANTRY INC",
    "ADDRESS": "1105 W BRYN MAWR AVE",
    "COMMUNITY AREA NAME": "EDGEWATER",
    "LONGITUDE": -87.6582676725,
    "LATITUDE": 41.9835447852
  },
  {
    "STORE NAME": "DOMINICK'S # 12/0012",
    "ADDRESS": "6009 N BROADWAY",
    "COMMUNITY AREA NAME": "EDGEWATER",
    "LONGITUDE": -87.6601550832,
    "LATITUDE": 41.9911817534
  },
  {
    "STORE NAME": "SUN LIQUORS",
    "ADDRESS": "1101 W GRANVILLE AVE",
    "COMMUNITY AREA NAME": "EDGEWATER",
    "LONGITUDE": -87.6583928132,
    "LATITUDE": 41.9944657079
  },
  {
    "STORE NAME": "DOMINICKS #2890",
    "ADDRESS": "5201 N SHERIDAN RD",
    "COMMUNITY AREA NAME": "EDGEWATER",
    "LONGITUDE": -87.6548397772,
    "LATITUDE": 41.9764816676
  },
  {
    "STORE NAME": "JEWEL FOOD STORE #3407",
    "ADDRESS": "5516 N CLARK ST",
    "COMMUNITY AREA NAME": "EDGEWATER",
    "LONGITUDE": -87.668651628,
    "LATITUDE": 41.9821898846
  },
  {
    "STORE NAME": "JEWEL FOOD STORE #3443",
    "ADDRESS": "5343 N BROADWAY",
    "COMMUNITY AREA NAME": "EDGEWATER",
    "LONGITUDE": -87.6598058547,
    "LATITUDE": 41.9794282549
  },
  {
    "STORE NAME": "ALDI",
    "ADDRESS": "6221 N BROADWAY",
    "COMMUNITY AREA NAME": "EDGEWATER",
    "LONGITUDE": -87.6602779929,
    "LATITUDE": 41.9952114602
  },
  {
    "STORE NAME": "HAPPY FOODS",
    "ADDRESS": "6783 N NORTHWEST HWY",
    "COMMUNITY AREA NAME": "EDISON PARK",
    "LONGITUDE": -87.8184857554,
    "LATITUDE": 42.0043992612
  },
  {
    "STORE NAME": "7400 S HALSTED FOOD AND LIQUORS, INC.",
    "ADDRESS": "7400 S HALSTED ST",
    "COMMUNITY AREA NAME": "ENGLEWOOD",
    "LONGITUDE": -87.6444202389,
    "LATITUDE": 41.7596745819
  },
  {
    "STORE NAME": "FOOD BASKET",
    "ADDRESS": "7205 S HALSTED ST",
    "COMMUNITY AREA NAME": "ENGLEWOOD",
    "LONGITUDE": -87.644215021,
    "LATITUDE": 41.763181195
  },
  {
    "STORE NAME": "J K & S FOOD & LIQUOR",
    "ADDRESS": "503 W 59TH ST",
    "COMMUNITY AREA NAME": "ENGLEWOOD",
    "LONGITUDE": -87.6378127282,
    "LATITUDE": 41.7870390747
  },
  {
    "STORE NAME": "KING FOOD & LIQUOR",
    "ADDRESS": "6858 S HALSTED ST",
    "COMMUNITY AREA NAME": "ENGLEWOOD",
    "LONGITUDE": -87.644655997,
    "LATITUDE": 41.7689262968
  },
  {
    "STORE NAME": "SAFAH FOOD & LIQUOR INC",
    "ADDRESS": "7105 S RACINE AVE",
    "COMMUNITY AREA NAME": "ENGLEWOOD",
    "LONGITUDE": -87.6539648335,
    "LATITUDE": 41.7648964002
  },
  {
    "STORE NAME": "MORGAN FOOD CORP LLC",
    "ADDRESS": "6600 S MORGAN ST",
    "COMMUNITY AREA NAME": "ENGLEWOOD",
    "LONGITUDE": -87.6496459973,
    "LATITUDE": 41.7741289538
  },
  {
    "STORE NAME": "ALDI INC #92",
    "ADDRESS": "620 W 63RD ST",
    "COMMUNITY AREA NAME": "ENGLEWOOD",
    "LONGITUDE": -87.6409255107,
    "LATITUDE": 41.7799200473
  },
  {
    "STORE NAME": "H & A FOOD MARKET, INC.",
    "ADDRESS": "1007 W 63RD ST",
    "COMMUNITY AREA NAME": "ENGLEWOOD",
    "LONGITUDE": -87.6499748357,
    "LATITUDE": 41.7795645849
  },
  {
    "STORE NAME": "WHOLE FOODS MARKET",
    "ADDRESS": "6020 N CICERO AVE",
    "COMMUNITY AREA NAME": "FOREST GLEN",
    "LONGITUDE": -87.7484774142,
    "LATITUDE": 41.9904947718
  },
  {
    "STORE NAME": "HAPPY FOODS",
    "ADDRESS": "6415 N CENTRAL AVE",
    "COMMUNITY AREA NAME": "FOREST GLEN",
    "LONGITUDE": -87.7634457986,
    "LATITUDE": 41.9978600139
  },
  {
    "STORE NAME": "WALGREENS #2073",
    "ADDRESS": "5401 S WENTWORTH AVE",
    "COMMUNITY AREA NAME": "FULLER PARK",
    "LONGITUDE": -87.63040492,
    "LATITUDE": 41.79623488
  },
  {
    "STORE NAME": "CARNICERIA LA GLORIA",
    "ADDRESS": "2551 W 51ST ST",
    "COMMUNITY AREA NAME": "GAGE PARK",
    "LONGITUDE": -87.6887220987,
    "LATITUDE": 41.8009692763
  },
  {
    "STORE NAME": "CUPBOARD FOOD & LIQUOR",
    "ADDRESS": "3260 W 55TH ST",
    "COMMUNITY AREA NAME": "GAGE PARK",
    "LONGITUDE": -87.7059457835,
    "LATITUDE": 41.7935891795
  },
  {
    "STORE NAME": "CARNICERIA LA GLORIA NO. 2, INC.",
    "ADDRESS": "2744 W 55TH ST",
    "COMMUNITY AREA NAME": "GAGE PARK",
    "LONGITUDE": -87.6931506024,
    "LATITUDE": 41.7938118263
  },
  {
    "STORE NAME": "CENTRO MARKET",
    "ADDRESS": "5153 S KEDZIE AVE",
    "COMMUNITY AREA NAME": "GAGE PARK",
    "LONGITUDE": -87.7035747066,
    "LATITUDE": 41.7992570437
  },
  {
    "STORE NAME": "PETE'S MARKET",
    "ADDRESS": "5724 S KEDZIE AVE",
    "COMMUNITY AREA NAME": "GAGE PARK",
    "LONGITUDE": -87.7035797266,
    "LATITUDE": 41.789112548
  },
  {
    "STORE NAME": "SHOP & SAVE MARKET",
    "ADDRESS": "5829 S ARCHER AVE",
    "COMMUNITY AREA NAME": "GARFIELD RIDGE",
    "LONGITUDE": -87.7596833672,
    "LATITUDE": 41.7960196245
  },
  {
    "STORE NAME": "ALDI INC #53",
    "ADDRESS": "5775 S ARCHER AVE",
    "COMMUNITY AREA NAME": "GARFIELD RIDGE",
    "LONGITUDE": -87.7573475722,
    "LATITUDE": 41.7963804895
  },
  {
    "STORE NAME": "SUPERMARKET & TAQUERIA CARO",
    "ADDRESS": "4937 W 47TH ST",
    "COMMUNITY AREA NAME": "GARFIELD RIDGE",
    "LONGITUDE": -87.747060571,
    "LATITUDE": 41.8074608778
  },
  {
    "STORE NAME": "JEWEL FOOD STORE #3721",
    "ADDRESS": "6107 S ARCHER AVE",
    "COMMUNITY AREA NAME": "GARFIELD RIDGE",
    "LONGITUDE": -87.7705271521,
    "LATITUDE": 41.7943548532
  },
  {
    "STORE NAME": "200 LIQUORS",
    "ADDRESS": "204 E 47TH ST",
    "COMMUNITY AREA NAME": "GRAND BOULEVARD",
    "LONGITUDE": -87.620951802,
    "LATITUDE": 41.8094238941
  },
  {
    "STORE NAME": "JAMAICA FOOD & LIQUOR INC",
    "ADDRESS": "4252 S COTTAGE GROVE AVE",
    "COMMUNITY AREA NAME": "GRAND BOULEVARD",
    "LONGITUDE": -87.6068579199,
    "LATITUDE": 41.8170297652
  },
  {
    "STORE NAME": "ZIAD CERTIFIED FOODS",
    "ADDRESS": "513 E 47TH ST",
    "COMMUNITY AREA NAME": "GRAND BOULEVARD",
    "LONGITUDE": -87.6133355212,
    "LATITUDE": 41.8093228701
  },
  {
    "STORE NAME": "SAVEWAY FOOD",
    "ADDRESS": "313 E 43RD ST",
    "COMMUNITY AREA NAME": "GRAND BOULEVARD",
    "LONGITUDE": -87.6191968314,
    "LATITUDE": 41.8164863247
  },
  {
    "STORE NAME": "GRAND PALACE SUPERMARKET, INC",
    "ADDRESS": "7131 S STATE ST",
    "COMMUNITY AREA NAME": "GREATER GRAND CROSSING",
    "LONGITUDE": -87.6247399651,
    "LATITUDE": 41.7645736329
  },
  {
    "STORE NAME": "ZEE DOLLAR AND FOOD",
    "ADDRESS": "375 E 75TH ST",
    "COMMUNITY AREA NAME": "GREATER GRAND CROSSING",
    "LONGITUDE": -87.6153541087,
    "LATITUDE": 41.758293315
  },
  {
    "STORE NAME": "Save-A-Lot #886",
    "ADDRESS": "148 W 79TH ST",
    "COMMUNITY AREA NAME": "GREATER GRAND CROSSING",
    "LONGITUDE": -87.6289614545,
    "LATITUDE": 41.7509837901
  },
  {
    "STORE NAME": "LOUIS' GROCERIES",
    "ADDRESS": "7604 S COTTAGE GROVE AVE",
    "COMMUNITY AREA NAME": "GREATER GRAND CROSSING",
    "LONGITUDE": -87.60548285,
    "LATITUDE": 41.75655031
  },
  {
    "STORE NAME": "WALGREENS #2923",
    "ADDRESS": "6330 S DR MARTIN LUTHER KING JR DR",
    "COMMUNITY AREA NAME": "GREATER GRAND CROSSING",
    "LONGITUDE": -87.61574988,
    "LATITUDE": 41.77929761
  },
  {
    "STORE NAME": "A & G LIQUORS",
    "ADDRESS": "6945 S STATE ST",
    "COMMUNITY AREA NAME": "GREATER GRAND CROSSING",
    "LONGITUDE": -87.6247659397,
    "LATITUDE": 41.7678312792
  },
  {
    "STORE NAME": "ALDI'S #08",
    "ADDRESS": "7333 S STATE ST",
    "COMMUNITY AREA NAME": "GREATER GRAND CROSSING",
    "LONGITUDE": -87.6246657846,
    "LATITUDE": 41.760880872
  },
  {
    "STORE NAME": "PETE'S FRESH MARKET",
    "ADDRESS": "3448 E 118TH ST",
    "COMMUNITY AREA NAME": "HEGEWISCH",
    "LONGITUDE": -87.5393675414,
    "LATITUDE": 41.6810595555
  },
  {
    "STORE NAME": "Baltimore Food & Liquor",
    "ADDRESS": "13322 S BALTIMORE AVE",
    "COMMUNITY AREA NAME": "HEGEWISCH",
    "LONGITUDE": -87.5472986528,
    "LATITUDE": 41.6529646117
  },
  {
    "STORE NAME": "Hegewisch Fruit Market Inc.",
    "ADDRESS": "13209 S BALTIMORE AVE",
    "COMMUNITY AREA NAME": "HEGEWISCH",
    "LONGITUDE": -87.5469994185,
    "LATITUDE": 41.6551885903
  },
  {
    "STORE NAME": "ALDI FOODS STORE #2",
    "ADDRESS": "4645 W DIVERSEY AVE",
    "COMMUNITY AREA NAME": "HERMOSA",
    "LONGITUDE": -87.743717307,
    "LATITUDE": 41.9314609382
  },
  {
    "STORE NAME": "CARNICERIA RICARDO",
    "ADDRESS": "4419 W DIVERSEY AVE",
    "COMMUNITY AREA NAME": "HERMOSA",
    "LONGITUDE": -87.7375725127,
    "LATITUDE": 41.9315407469
  },
  {
    "STORE NAME": "INTERNATIONAL FOODS NW INC",
    "ADDRESS": "4404 W FULLERTON AVE",
    "COMMUNITY AREA NAME": "HERMOSA",
    "LONGITUDE": -87.736789505,
    "LATITUDE": 41.9244726356
  },
  {
    "STORE NAME": "CERMAK PRODUCE",
    "ADDRESS": "4401 W ARMITAGE AVE",
    "COMMUNITY AREA NAME": "HERMOSA",
    "LONGITUDE": -87.7363871475,
    "LATITUDE": 41.9169344398
  },
  {
    "STORE NAME": "DOLLAR DEALS & UP",
    "ADDRESS": "2057 N PULASKI RD",
    "COMMUNITY AREA NAME": "HERMOSA",
    "LONGITUDE": -87.726465315,
    "LATITUDE": 41.9188912639
  },
  {
    "STORE NAME": "LA GUERRERENSE",
    "ADDRESS": "4149 W ARMITAGE AVE",
    "COMMUNITY AREA NAME": "HERMOSA",
    "LONGITUDE": -87.7309892645,
    "LATITUDE": 41.9170000028
  },
  {
    "STORE NAME": "CARNICERIA&FRUTERIA EL MITOTE",
    "ADDRESS": "4459 W BELMONT AVE",
    "COMMUNITY AREA NAME": "HERMOSA",
    "LONGITUDE": -87.7394338028,
    "LATITUDE": 41.9388195147
  },
  {
    "STORE NAME": "MID TOWN FOODS",
    "ADDRESS": "3855 W DIVISION ST",
    "COMMUNITY AREA NAME": "HUMBOLDT PARK",
    "LONGITUDE": -87.7236192485,
    "LATITUDE": 41.9025838739
  },
  {
    "STORE NAME": "LATIN GROCERY & LIQUOR, INC",
    "ADDRESS": "3800 W NORTH AVE",
    "COMMUNITY AREA NAME": "HUMBOLDT PARK",
    "LONGITUDE": -87.7214580839,
    "LATITUDE": 41.9100494194
  },
  {
    "STORE NAME": "QUINTESSENCE",
    "ADDRESS": "1532 N PULASKI RD",
    "COMMUNITY AREA NAME": "HUMBOLDT PARK",
    "LONGITUDE": -87.7266341469,
    "LATITUDE": 41.909107755
  },
  {
    "STORE NAME": "NICKEL LIQUOR & MINI MART INC",
    "ADDRESS": "3637 W DIVISION ST",
    "COMMUNITY AREA NAME": "HUMBOLDT PARK",
    "LONGITUDE": -87.7179312389,
    "LATITUDE": 41.9026337556
  },
  {
    "STORE NAME": "EDDIE & SON FOOD &LIQ.",
    "ADDRESS": "3624 W NORTH AVE",
    "COMMUNITY AREA NAME": "HUMBOLDT PARK",
    "LONGITUDE": -87.7175753532,
    "LATITUDE": 41.9100926711
  },
  {
    "STORE NAME": "SUNRISE FOOD AND LIQUORS",
    "ADDRESS": "3737 W CHICAGO AVE",
    "COMMUNITY AREA NAME": "HUMBOLDT PARK",
    "LONGITUDE": -87.7201998415,
    "LATITUDE": 41.895314759
  },
  {
    "STORE NAME": "CARNICERIA JIMENEZ INC",
    "ADDRESS": "4204 W NORTH AVE",
    "COMMUNITY AREA NAME": "HUMBOLDT PARK",
    "LONGITUDE": -87.7315572163,
    "LATITUDE": 41.9099252471
  },
  {
    "STORE NAME": "MELISSA'S FOOD & LIQUORS INC",
    "ADDRESS": "3867 W GRAND AVE",
    "COMMUNITY AREA NAME": "HUMBOLDT PARK",
    "LONGITUDE": -87.7239513845,
    "LATITUDE": 41.9050594546
  },
  {
    "STORE NAME": "P & I FOOD & LIQUOR INC.",
    "ADDRESS": "4154 W DIVISION ST",
    "COMMUNITY AREA NAME": "HUMBOLDT PARK",
    "LONGITUDE": -87.7310180698,
    "LATITUDE": 41.9027068139
  },
  {
    "STORE NAME": "CENTRAL PARK FOODS INC",
    "ADDRESS": "3604 W GRAND AVE",
    "COMMUNITY AREA NAME": "HUMBOLDT PARK",
    "LONGITUDE": -87.7168174653,
    "LATITUDE": 41.9024736738
  },
  {
    "STORE NAME": "EL BARRIO GROCERY",
    "ADDRESS": "3938 W NORTH AVE",
    "COMMUNITY AREA NAME": "HUMBOLDT PARK",
    "LONGITUDE": -87.7254384633,
    "LATITUDE": 41.9100080401
  },
  {
    "STORE NAME": "ALDI FOODS -STORE #04",
    "ADDRESS": "800 N KEDZIE AVE",
    "COMMUNITY AREA NAME": "HUMBOLDT PARK",
    "LONGITUDE": -87.7067053251,
    "LATITUDE": 41.8956153135
  },
  {
    "STORE NAME": "LA PERLA TAPATIA BAKERY",
    "ADDRESS": "4214 W NORTH AVE",
    "COMMUNITY AREA NAME": "HUMBOLDT PARK",
    "LONGITUDE": -87.731971257,
    "LATITUDE": 41.909919754
  },
  {
    "STORE NAME": "RIO GRANDE FRUIT MARKET, INC.",
    "ADDRESS": "3501 W NORTH AVE",
    "COMMUNITY AREA NAME": "HUMBOLDT PARK",
    "LONGITUDE": -87.7143855102,
    "LATITUDE": 41.9099107051
  },
  {
    "STORE NAME": "SWEQI FOOD MART, INC.",
    "ADDRESS": "4100 W NORTH AVE",
    "COMMUNITY AREA NAME": "HUMBOLDT PARK",
    "LONGITUDE": -87.7288749604,
    "LATITUDE": 41.9099608832
  },
  {
    "STORE NAME": "WALGREENS #11410",
    "ADDRESS": "1627 N PULASKI RD",
    "COMMUNITY AREA NAME": "HUMBOLDT PARK",
    "LONGITUDE": -87.72621042,
    "LATITUDE": 41.91071448
  },
  {
    "STORE NAME": "HARPER FOODS",
    "ADDRESS": "1455 E 57TH ST",
    "COMMUNITY AREA NAME": "HYDE PARK",
    "LONGITUDE": -87.5895326278,
    "LATITUDE": 41.7914105694
  },
  {
    "STORE NAME": "WALGREENS #162",
    "ADDRESS": "1554 E 55TH ST",
    "COMMUNITY AREA NAME": "HYDE PARK",
    "LONGITUDE": -87.58782256,
    "LATITUDE": 41.79529732
  },
  {
    "STORE NAME": "HYDE PARK PRODUCE, LTD",
    "ADDRESS": "1226 E 53RD ST",
    "COMMUNITY AREA NAME": "HYDE PARK",
    "LONGITUDE": -87.5955129219,
    "LATITUDE": 41.7995768022
  },
  {
    "STORE NAME": "CUENCA'S BAKERY & GROCERIES",
    "ADDRESS": "4229 W MONTROSE AVE",
    "COMMUNITY AREA NAME": "IRVING PARK",
    "LONGITUDE": -87.7339469271,
    "LATITUDE": 41.9607675196
  },
  {
    "STORE NAME": "SANABEL GROCERY & BAKERY",
    "ADDRESS": "4213 N KEDZIE AVE",
    "COMMUNITY AREA NAME": "IRVING PARK",
    "LONGITUDE": -87.7079959151,
    "LATITUDE": 41.9579834025
  },
  {
    "STORE NAME": "CERMAK PRODUCE",
    "ADDRESS": "4234 N KEDZIE AVE",
    "COMMUNITY AREA NAME": "IRVING PARK",
    "LONGITUDE": -87.7083095759,
    "LATITUDE": 41.9585967247
  },
  {
    "STORE NAME": "ALDI FOODS-STORE #27",
    "ADDRESS": "3363 N MILWAUKEE AVE",
    "COMMUNITY AREA NAME": "IRVING PARK",
    "LONGITUDE": -87.7290108595,
    "LATITUDE": 41.9423835134
  },
  {
    "STORE NAME": "TONY'S FINER FOODS ENTERPRISES, INC.",
    "ADDRESS": "4137 N ELSTON AVE",
    "COMMUNITY AREA NAME": "IRVING PARK",
    "LONGITUDE": -87.7224828263,
    "LATITUDE": 41.9561262015
  },
  {
    "STORE NAME": "CHARLIES  SUPERMARKET INC.",
    "ADDRESS": "2941 W MONTROSE AVE",
    "COMMUNITY AREA NAME": "IRVING PARK",
    "LONGITUDE": -87.7025869386,
    "LATITUDE": 41.9611144263
  },
  {
    "STORE NAME": "J AND P FINER FOODS",
    "ADDRESS": "3501 W MONTROSE AVE",
    "COMMUNITY AREA NAME": "IRVING PARK",
    "LONGITUDE": -87.7156463163,
    "LATITUDE": 41.9609885935
  },
  {
    "STORE NAME": "JOLANTA'S INTERNATIONAL DELI",
    "ADDRESS": "5914 W HIGGINS AVE",
    "COMMUNITY AREA NAME": "JEFFERSON PARK",
    "LONGITUDE": -87.7763718583,
    "LATITUDE": 41.9727914969
  },
  {
    "STORE NAME": "KORDIAN'S MARKET",
    "ADDRESS": "6332 W HIGGINS AVE",
    "COMMUNITY AREA NAME": "JEFFERSON PARK",
    "LONGITUDE": -87.7865613104,
    "LATITUDE": 41.9759840467
  },
  {
    "STORE NAME": "MARIANO'S FRESH MARKET #8507",
    "ADDRESS": "5353 N ELSTON AVE",
    "COMMUNITY AREA NAME": "JEFFERSON PARK",
    "LONGITUDE": -87.75715377,
    "LATITUDE": 41.97871026
  },
  {
    "STORE NAME": "MICHAELS FRESH MARKET",
    "ADDRESS": "1300 E 47TH ST",
    "COMMUNITY AREA NAME": "KENWOOD",
    "LONGITUDE": -87.5949608909,
    "LATITUDE": 41.8097727266
  },
  {
    "STORE NAME": "MARKET IN THE PARK",
    "ADDRESS": "5050 S LAKE SHORE DR",
    "COMMUNITY AREA NAME": "KENWOOD",
    "LONGITUDE": -87.5818436939,
    "LATITUDE": 41.8028797781
  },
  {
    "STORE NAME": "SAVE-A-LOT  #862",
    "ADDRESS": "4701 S COTTAGE GROVE AVE",
    "COMMUNITY AREA NAME": "KENWOOD",
    "LONGITUDE": -87.6064174294,
    "LATITUDE": 41.8094892465
  },
  {
    "STORE NAME": "ONE STOP FOOD & LIQUOR STORE",
    "ADDRESS": "4301 S LAKE PARK AVE",
    "COMMUNITY AREA NAME": "KENWOOD",
    "LONGITUDE": -87.5986888442,
    "LATITUDE": 41.8168651481
  },
  {
    "STORE NAME": "WHOLE FOODS MARKET",
    "ADDRESS": "3300 N ASHLAND AVE",
    "COMMUNITY AREA NAME": "LAKE VIEW",
    "LONGITUDE": -87.6688604029,
    "LATITUDE": 41.9415658578
  },
  {
    "STORE NAME": "PAULINA MARKET",
    "ADDRESS": "3501 N LINCOLN AVE",
    "COMMUNITY AREA NAME": "LAKE VIEW",
    "LONGITUDE": -87.6723897932,
    "LATITUDE": 41.9452541584
  },
  {
    "STORE NAME": "3600 COMMISSARY",
    "ADDRESS": "3600 N LAKE SHORE DR",
    "COMMUNITY AREA NAME": "LAKE VIEW",
    "LONGITUDE": -87.6436497585,
    "LATITUDE": 41.9486836744
  },
  {
    "STORE NAME": "JEWEL-OSCO #3632",
    "ADDRESS": "3630 N SOUTHPORT AVE",
    "COMMUNITY AREA NAME": "LAKE VIEW",
    "LONGITUDE": -87.6641862307,
    "LATITUDE": 41.9480045508
  },
  {
    "STORE NAME": "JEWEL FOOD STORE #3441",
    "ADDRESS": "2940 N ASHLAND AVE",
    "COMMUNITY AREA NAME": "LAKE VIEW",
    "LONGITUDE": -87.6686545431,
    "LATITUDE": 41.9354720327
  },
  {
    "STORE NAME": "SEVEN ELEVEN",
    "ADDRESS": "1425 W MONTROSE AVE",
    "COMMUNITY AREA NAME": "LAKE VIEW",
    "LONGITUDE": -87.6660398556,
    "LATITUDE": 41.9615238247
  },
  {
    "STORE NAME": "TREASURE ISLAND FOODS",
    "ADDRESS": "3460 N BROADWAY",
    "COMMUNITY AREA NAME": "LAKE VIEW",
    "LONGITUDE": -87.6458934884,
    "LATITUDE": 41.9448282656
  },
  {
    "STORE NAME": "JEWEL FOOD STORE #3514",
    "ADDRESS": "3531 N BROADWAY",
    "COMMUNITY AREA NAME": "LAKE VIEW",
    "LONGITUDE": -87.6465248633,
    "LATITUDE": 41.9463846516
  },
  {
    "STORE NAME": "WHOLE FOODS MARKET",
    "ADDRESS": "3640 N HALSTED ST",
    "COMMUNITY AREA NAME": "LAKE VIEW",
    "LONGITUDE": -87.6496701249,
    "LATITUDE": 41.948519803
  },
  {
    "STORE NAME": "S. S. FOOD & LIQUOR",
    "ADDRESS": "2427 N CLARK ST",
    "COMMUNITY AREA NAME": "LINCOLN PARK",
    "LONGITUDE": -87.6408000783,
    "LATITUDE": 41.9263716974
  },
  {
    "STORE NAME": "ALDI FOODS STORE #26",
    "ADDRESS": "2600 N CLYBOURN AVE",
    "COMMUNITY AREA NAME": "LINCOLN PARK",
    "LONGITUDE": -87.6741950831,
    "LATITUDE": 41.9286950012
  },
  {
    "STORE NAME": "TRADER JOE'S EAST",
    "ADDRESS": "1840 N CLYBOURN AVE",
    "COMMUNITY AREA NAME": "LINCOLN PARK",
    "LONGITUDE": -87.654627843,
    "LATITUDE": 41.9144237141
  },
  {
    "STORE NAME": "THE MARKET PLACE FOODSTORE",
    "ADDRESS": "521 W DIVERSEY PKWY",
    "COMMUNITY AREA NAME": "LINCOLN PARK",
    "LONGITUDE": -87.6422188452,
    "LATITUDE": 41.9327439571
  },
  {
    "STORE NAME": "AARAY GROCERY",
    "ADDRESS": "2601 N HALSTED ST",
    "COMMUNITY AREA NAME": "LINCOLN PARK",
    "LONGITUDE": -87.648746265,
    "LATITUDE": 41.929209817
  },
  {
    "STORE NAME": "TREASURE ISLAND FOODS",
    "ADDRESS": "2121 N CLYBOURN AVE",
    "COMMUNITY AREA NAME": "LINCOLN PARK",
    "LONGITUDE": -87.6618055364,
    "LATITUDE": 41.919899684
  },
  {
    "STORE NAME": "DOMINICK'S Finer Foods, Inc. #1695",
    "ADDRESS": "959 W FULLERTON AVE",
    "COMMUNITY AREA NAME": "LINCOLN PARK",
    "LONGITUDE": -87.6534875641,
    "LATITUDE": 41.9252682757
  },
  {
    "STORE NAME": "ALDI #32",
    "ADDRESS": "1840 N CLYBOURN AVE",
    "COMMUNITY AREA NAME": "LINCOLN PARK",
    "LONGITUDE": -87.654627843,
    "LATITUDE": 41.9144237141
  },
  {
    "STORE NAME": "DOMINICK'S # 304/2304",
    "ADDRESS": "2550 N CLYBOURN AVE",
    "COMMUNITY AREA NAME": "LINCOLN PARK",
    "LONGITUDE": -87.6732588146,
    "LATITUDE": 41.9278717231
  },
  {
    "STORE NAME": "TREASURE ISLAND FOODS",
    "ADDRESS": "1639 N WELLS ST",
    "COMMUNITY AREA NAME": "LINCOLN PARK",
    "LONGITUDE": -87.6345988555,
    "LATITUDE": 41.9123117952
  },
  {
    "STORE NAME": "BIG APPLE FINER FOODS INC",
    "ADDRESS": "2345 N CLARK ST",
    "COMMUNITY AREA NAME": "LINCOLN PARK",
    "LONGITUDE": -87.639926019,
    "LATITUDE": 41.9249661791
  },
  {
    "STORE NAME": "GENES SAUSAGE SHOP AT DELI MEYER",
    "ADDRESS": "4746 N LINCOLN AVE",
    "COMMUNITY AREA NAME": "LINCOLN SQUARE",
    "LONGITUDE": -87.6881717161,
    "LATITUDE": 41.9677536575
  },
  {
    "STORE NAME": "MANDY'S LIQUOR",
    "ADDRESS": "1957 W LAWRENCE AVE",
    "COMMUNITY AREA NAME": "LINCOLN SQUARE",
    "LONGITUDE": -87.678438479,
    "LATITUDE": 41.9686561373
  },
  {
    "STORE NAME": "HARVESTIME FOODS",
    "ADDRESS": "2632 W LAWRENCE AVE",
    "COMMUNITY AREA NAME": "LINCOLN SQUARE",
    "LONGITUDE": -87.6951627475,
    "LATITUDE": 41.9686702259
  },
  {
    "STORE NAME": "DOMINICKS #2889",
    "ADDRESS": "5233 N LINCOLN AVE",
    "COMMUNITY AREA NAME": "LINCOLN SQUARE",
    "LONGITUDE": -87.6922796678,
    "LATITUDE": 41.9768950984
  },
  {
    "STORE NAME": "EMILIO'S PRODUCE",
    "ADDRESS": "2294 N MILWAUKEE AVE",
    "COMMUNITY AREA NAME": "LOGAN SQUARE",
    "LONGITUDE": -87.6970976291,
    "LATITUDE": 41.9225974657
  },
  {
    "STORE NAME": "STRACK & VAN TIL",
    "ADDRESS": "2627 N ELSTON AVE",
    "COMMUNITY AREA NAME": "LOGAN SQUARE",
    "LONGITUDE": -87.6836878249,
    "LATITUDE": 41.929489274
  },
  {
    "STORE NAME": "CARNICERIA JIMENEZ #2",
    "ADDRESS": "3850 W FULLERTON AVE",
    "COMMUNITY AREA NAME": "LOGAN SQUARE",
    "LONGITUDE": -87.723953321,
    "LATITUDE": 41.9246283205
  },
  {
    "STORE NAME": "LOGAN CERTIFIED FOODS CORP",
    "ADDRESS": "2857 W DIVERSEY AVE",
    "COMMUNITY AREA NAME": "LOGAN SQUARE",
    "LONGITUDE": -87.699931619,
    "LATITUDE": 41.93197047
  },
  {
    "STORE NAME": "EL YUNQUE FOOD & LIQUOR",
    "ADDRESS": "1900 N CALIFORNIA AVE",
    "COMMUNITY AREA NAME": "LOGAN SQUARE",
    "LONGITUDE": -87.6972958109,
    "LATITUDE": 41.9157610232
  },
  {
    "STORE NAME": "RIVERSIDE DELI",
    "ADDRESS": "1656 W CORTLAND ST",
    "COMMUNITY AREA NAME": "LOGAN SQUARE",
    "LONGITUDE": -87.6701349439,
    "LATITUDE": 41.916186115
  },
  {
    "STORE NAME": "FOODSMART",
    "ADDRESS": "2901 W ARMITAGE AVE",
    "COMMUNITY AREA NAME": "LOGAN SQUARE",
    "LONGITUDE": -87.6993410687,
    "LATITUDE": 41.9173585451
  },
  {
    "STORE NAME": "H & Z GROCERY STORE",
    "ADDRESS": "3638 W WRIGHTWOOD AVE",
    "COMMUNITY AREA NAME": "LOGAN SQUARE",
    "LONGITUDE": -87.7186708995,
    "LATITUDE": 41.9283452514
  },
  {
    "STORE NAME": "R & S DISCOUNT FOOD, WINE, & LIQUOR",
    "ADDRESS": "2425 W DIVERSEY AVE",
    "COMMUNITY AREA NAME": "LOGAN SQUARE",
    "LONGITUDE": -87.6889786863,
    "LATITUDE": 41.932046851
  },
  {
    "STORE NAME": "TONY'S FINER FOODS ENTERPRISES, INC.",
    "ADDRESS": "3607 W FULLERTON AVE",
    "COMMUNITY AREA NAME": "LOGAN SQUARE",
    "LONGITUDE": -87.717288131,
    "LATITUDE": 41.924490094
  },
  {
    "STORE NAME": "DANNY'S FRESH MARKET",
    "ADDRESS": "2140 N WESTERN AVE",
    "COMMUNITY AREA NAME": "LOGAN SQUARE",
    "LONGITUDE": -87.6876710129,
    "LATITUDE": 41.921096268
  },
  {
    "STORE NAME": "POLONIA FOOD MART",
    "ADDRESS": "1956 W ARMITAGE AVE",
    "COMMUNITY AREA NAME": "LOGAN SQUARE",
    "LONGITUDE": -87.6774806152,
    "LATITUDE": 41.9178707156
  },
  {
    "STORE NAME": "FOODSMART",
    "ADDRESS": "3415 W DIVERSEY AVE",
    "COMMUNITY AREA NAME": "LOGAN SQUARE",
    "LONGITUDE": -87.7129012497,
    "LATITUDE": 41.9318527752
  },
  {
    "STORE NAME": "ALDI FOODS STORE #30",
    "ADDRESS": "4030 W WRIGHTWOOD AVE",
    "COMMUNITY AREA NAME": "LOGAN SQUARE",
    "LONGITUDE": -87.728158558,
    "LATITUDE": 41.9282078544
  },
  {
    "STORE NAME": "ARMITAGE PRODUCE INC",
    "ADDRESS": "2007 N KIMBALL AVE",
    "COMMUNITY AREA NAME": "LOGAN SQUARE",
    "LONGITUDE": -87.7117551087,
    "LATITUDE": 41.9175624189
  },
  {
    "STORE NAME": "BURNHAM PLAZA MART",
    "ADDRESS": "828 S WABASH AVE",
    "COMMUNITY AREA NAME": "LOOP",
    "LONGITUDE": -87.6260751303,
    "LATITUDE": 41.8714441963
  },
  {
    "STORE NAME": "BOCKWINKELS",
    "ADDRESS": "222 N COLUMBUS DR",
    "COMMUNITY AREA NAME": "LOOP",
    "LONGITUDE": -87.62083615,
    "LATITUDE": 41.886339416
  },
  {
    "STORE NAME": "PARKSHORE MARKET LTD",
    "ADDRESS": "195 N HARBOR DR",
    "COMMUNITY AREA NAME": "LOOP",
    "LONGITUDE": -87.6155996011,
    "LATITUDE": 41.8861772806
  },
  {
    "STORE NAME": "HARBOR MARKET",
    "ADDRESS": "155 N HARBOR DR",
    "COMMUNITY AREA NAME": "LOOP",
    "LONGITUDE": -87.6156039565,
    "LATITUDE": 41.8847505385
  },
  {
    "STORE NAME": "SUPERMERCADO EL GUERO NO. 8",
    "ADDRESS": "2101 W CERMAK RD",
    "COMMUNITY AREA NAME": "LOWER WEST SIDE",
    "LONGITUDE": -87.6784122433,
    "LATITUDE": 41.8520256918
  },
  {
    "STORE NAME": "ALDI INC STORE #62",
    "ADDRESS": "1739 W CERMAK RD",
    "COMMUNITY AREA NAME": "LOWER WEST SIDE",
    "LONGITUDE": -87.6700746019,
    "LATITUDE": 41.8521511995
  },
  {
    "STORE NAME": "LA PROVIDENCIA FOOD MART",
    "ADDRESS": "1658 W 21ST ST",
    "COMMUNITY AREA NAME": "LOWER WEST SIDE",
    "LONGITUDE": -87.6684581591,
    "LATITUDE": 41.8542193742
  },
  {
    "STORE NAME": "RICHWELL MARKET",
    "ADDRESS": "1835 S CANAL ST",
    "COMMUNITY AREA NAME": "LOWER WEST SIDE",
    "LONGITUDE": -87.6387533453,
    "LATITUDE": 41.8566571782
  },
  {
    "STORE NAME": "LA CASA DEL PUEBLO INC",
    "ADDRESS": "1810 S BLUE ISLAND AVE",
    "COMMUNITY AREA NAME": "LOWER WEST SIDE",
    "LONGITUDE": -87.6616883311,
    "LATITUDE": 41.8574527464
  },
  {
    "STORE NAME": "FAIRPLAY FINER FOOD",
    "ADDRESS": "2200 S WESTERN AVE",
    "COMMUNITY AREA NAME": "LOWER WEST SIDE",
    "LONGITUDE": -87.6857857042,
    "LATITUDE": 41.8519838396
  },
  {
    "STORE NAME": "MICELI'S DELI & FOOD MART",
    "ADDRESS": "2448 S OAKLEY AVE",
    "COMMUNITY AREA NAME": "LOWER WEST SIDE",
    "LONGITUDE": -87.6831995522,
    "LATITUDE": 41.847020464
  },
  {
    "STORE NAME": "CERMAK PRODUCE",
    "ADDRESS": "1711 W CERMAK RD",
    "COMMUNITY AREA NAME": "LOWER WEST SIDE",
    "LONGITUDE": -87.6689750407,
    "LATITUDE": 41.8521678636
  },
  {
    "STORE NAME": "LUCIANO'S GROCERY-18TH ST",
    "ADDRESS": "1714 W 18TH ST",
    "COMMUNITY AREA NAME": "LOWER WEST SIDE",
    "LONGITUDE": -87.6694195956,
    "LATITUDE": 41.8578565675
  },
  {
    "STORE NAME": "LOS CUATRO HERMANOS GROCERY",
    "ADDRESS": "1858 S ALLPORT ST",
    "COMMUNITY AREA NAME": "LOWER WEST SIDE",
    "LONGITUDE": -87.6577449724,
    "LATITUDE": 41.8562022212
  },
  {
    "STORE NAME": "DILILAH GROCERY",
    "ADDRESS": "1759 W 21ST ST",
    "COMMUNITY AREA NAME": "LOWER WEST SIDE",
    "LONGITUDE": -87.6708701882,
    "LATITUDE": 41.8539678804
  },
  {
    "STORE NAME": "DOMINICK'S # 1100",
    "ADDRESS": "3145 S ASHLAND AVE",
    "COMMUNITY AREA NAME": "MCKINLEY PARK",
    "LONGITUDE": -87.6655669021,
    "LATITUDE": 41.8364683477
  },
  {
    "STORE NAME": "FURTERIA EL SERRANITO",
    "ADDRESS": "1755 W 38TH ST",
    "COMMUNITY AREA NAME": "MCKINLEY PARK",
    "LONGITUDE": -87.6700230192,
    "LATITUDE": 41.8248606245
  },
  {
    "STORE NAME": "CERMAK PRODUCE #5 LTD",
    "ADDRESS": "3435 S ARCHER AVE",
    "COMMUNITY AREA NAME": "MCKINLEY PARK",
    "LONGITUDE": -87.6758478479,
    "LATITUDE": 41.8313499001
  },
  {
    "STORE NAME": "JEWEL FOOD STORE #3302",
    "ADDRESS": "3644 S ARCHER AVE",
    "COMMUNITY AREA NAME": "MCKINLEY PARK",
    "LONGITUDE": -87.6824544425,
    "LATITUDE": 41.8275838968
  },
  {
    "STORE NAME": "Laxi Liquor",
    "ADDRESS": "6922 W GRAND AVE",
    "COMMUNITY AREA NAME": "MONTCLARE",
    "LONGITUDE": -87.7986761286,
    "LATITUDE": 41.9236807003
  },
  {
    "STORE NAME": "JEWEL FOOD STORE",
    "ADDRESS": "11730 S MARSHFIELD AVE",
    "COMMUNITY AREA NAME": "MORGAN PARK",
    "LONGITUDE": -87.6625846787,
    "LATITUDE": 41.6803322053
  },
  {
    "STORE NAME": "DIA FOOD & LIQUOR",
    "ADDRESS": "1478 W 115TH ST",
    "COMMUNITY AREA NAME": "MORGAN PARK",
    "LONGITUDE": -87.659725829,
    "LATITUDE": 41.6849557984
  },
  {
    "STORE NAME": "M & D VARIETY STORE",
    "ADDRESS": "1300 W 111TH ST",
    "COMMUNITY AREA NAME": "MORGAN PARK",
    "LONGITUDE": -87.6546632113,
    "LATITUDE": 41.6923196266
  },
  {
    "STORE NAME": "SAVE-A-LOT  #851",
    "ADDRESS": "10700 S HALSTED ST",
    "COMMUNITY AREA NAME": "MORGAN PARK",
    "LONGITUDE": -87.6427519151,
    "LATITUDE": 41.6995474147
  },
  {
    "STORE NAME": "COUNTY FAIR FOODS",
    "ADDRESS": "10800 S WESTERN AVE",
    "COMMUNITY AREA NAME": "MORGAN PARK",
    "LONGITUDE": -87.6814748042,
    "LATITUDE": 41.6972382088
  },
  {
    "STORE NAME": "STOP & GO FOOD MART",
    "ADDRESS": "1622 W MONTEREY AVE",
    "COMMUNITY AREA NAME": "MORGAN PARK",
    "LONGITUDE": -87.6627231456,
    "LATITUDE": 41.6895747692
  },
  {
    "STORE NAME": "FAIRPLAY FOODS INC",
    "ADDRESS": "2323 W 111TH ST",
    "COMMUNITY AREA NAME": "MORGAN PARK",
    "LONGITUDE": -87.6797791725,
    "LATITUDE": 41.691679204
  },
  {
    "STORE NAME": "FAMILY PRIDE",
    "ADDRESS": "10601 S PULASKI RD",
    "COMMUNITY AREA NAME": "MOUNT GREENWOOD",
    "LONGITUDE": -87.7205408964,
    "LATITUDE": 41.7003552742
  },
  {
    "STORE NAME": "S & T PROVISION CO INC",
    "ADDRESS": "3804 W 111TH ST",
    "COMMUNITY AREA NAME": "MOUNT GREENWOOD",
    "LONGITUDE": -87.7156731039,
    "LATITUDE": 41.6914459103
  },
  {
    "STORE NAME": "JEWEL FOOD STORE #3114",
    "ADDRESS": "3128 W 103RD ST",
    "COMMUNITY AREA NAME": "MOUNT GREENWOOD",
    "LONGITUDE": -87.6997671192,
    "LATITUDE": 41.7063128446
  },
  {
    "STORE NAME": "TRADER JOE'S EAST",
    "ADDRESS": "44 E ONTARIO ST",
    "COMMUNITY AREA NAME": "NEAR NORTH SIDE",
    "LONGITUDE": -87.6264377426,
    "LATITUDE": 41.8934080204
  },
  {
    "STORE NAME": "TREASURE ISLAND FOODS INC",
    "ADDRESS": "75 W ELM ST",
    "COMMUNITY AREA NAME": "NEAR NORTH SIDE",
    "LONGITUDE": -87.6313487722,
    "LATITUDE": 41.9030261368
  },
  {
    "STORE NAME": "WHOLE FOODS MARKET",
    "ADDRESS": "1550 N KINGSBURY ST",
    "COMMUNITY AREA NAME": "NEAR NORTH SIDE",
    "LONGITUDE": -87.6530506979,
    "LATITUDE": 41.9093987878
  },
  {
    "STORE NAME": "POTASH BROS. SUPERMARKET",
    "ADDRESS": "1525 N CLARK ST",
    "COMMUNITY AREA NAME": "NEAR NORTH SIDE",
    "LONGITUDE": -87.6314908914,
    "LATITUDE": 41.9101179449
  },
  {
    "STORE NAME": "Dominick's #1703",
    "ADDRESS": "255 E GRAND AVE",
    "COMMUNITY AREA NAME": "NEAR NORTH SIDE",
    "LONGITUDE": -87.6204441348,
    "LATITUDE": 41.8916898398
  },
  {
    "STORE NAME": "Chicago Health - Maple Street",
    "ADDRESS": "22 W MAPLE ST",
    "COMMUNITY AREA NAME": "NEAR NORTH SIDE",
    "LONGITUDE": -87.6292631031,
    "LATITUDE": 41.9019825524
  },
  {
    "STORE NAME": "ORLEANS MARKET",
    "ADDRESS": "316 W ILLINOIS ST",
    "COMMUNITY AREA NAME": "NEAR NORTH SIDE",
    "LONGITUDE": -87.6363291879,
    "LATITUDE": 41.8908642852
  },
  {
    "STORE NAME": "POTASH BROS INC",
    "ADDRESS": "875 N STATE ST",
    "COMMUNITY AREA NAME": "NEAR NORTH SIDE",
    "LONGITUDE": -87.6281111483,
    "LATITUDE": 41.8988781974
  },
  {
    "STORE NAME": "WHOLE FOODS MARKET",
    "ADDRESS": "30 W HURON ST",
    "COMMUNITY AREA NAME": "NEAR NORTH SIDE",
    "LONGITUDE": -87.6293991787,
    "LATITUDE": 41.8949686732
  },
  {
    "STORE NAME": "L'APPETITO",
    "ADDRESS": "875 N MICHIGAN AVE",
    "COMMUNITY AREA NAME": "NEAR NORTH SIDE",
    "LONGITUDE": -87.6239749877,
    "LATITUDE": 41.8989485417
  },
  {
    "STORE NAME": "CITY GROCERY",
    "ADDRESS": "405 N WABASH AVE",
    "COMMUNITY AREA NAME": "NEAR NORTH SIDE",
    "LONGITUDE": -87.6265092736,
    "LATITUDE": 41.8894653288
  },
  {
    "STORE NAME": "TREASURE ISLAND FOODS",
    "ADDRESS": "680 N LAKE SHORE DR",
    "COMMUNITY AREA NAME": "NEAR NORTH SIDE",
    "LONGITUDE": -87.6158666457,
    "LATITUDE": 41.8947983703
  },
  {
    "STORE NAME": "MUNCHIES ON LARRABEE",
    "ADDRESS": "1012 N LARRABEE ST",
    "COMMUNITY AREA NAME": "NEAR NORTH SIDE",
    "LONGITUDE": -87.6432555365,
    "LATITUDE": 41.9008485875
  },
  {
    "STORE NAME": "EUROPA GALLERIA INC",
    "ADDRESS": "340 W SUPERIOR ST",
    "COMMUNITY AREA NAME": "NEAR NORTH SIDE",
    "LONGITUDE": -87.637220715,
    "LATITUDE": 41.8956627719
  },
  {
    "STORE NAME": "DOMINICK'S #153/2153",
    "ADDRESS": "424 W DIVISION ST",
    "COMMUNITY AREA NAME": "NEAR NORTH SIDE",
    "LONGITUDE": -87.6394372016,
    "LATITUDE": 41.9038839611
  },
  {
    "STORE NAME": "JEWEL FOOD STORE #3368",
    "ADDRESS": "550 N STATE ST",
    "COMMUNITY AREA NAME": "NEAR NORTH SIDE",
    "LONGITUDE": -87.6282348711,
    "LATITUDE": 41.8924213661
  },
  {
    "STORE NAME": "JEWEL FOOD STORE #3210",
    "ADDRESS": "1210 N CLARK ST",
    "COMMUNITY AREA NAME": "NEAR NORTH SIDE",
    "LONGITUDE": -87.6316032946,
    "LATITUDE": 41.9042652283
  },
  {
    "STORE NAME": "JEWEL FOOD  STORE # 3345",
    "ADDRESS": "1224 S WABASH AVE",
    "COMMUNITY AREA NAME": "NEAR SOUTH SIDE",
    "LONGITUDE": -87.6259611484,
    "LATITUDE": 41.8667243541
  },
  {
    "STORE NAME": "Kan-Zaman Mart, Inc.",
    "ADDRESS": "2005 S MICHIGAN AVE",
    "COMMUNITY AREA NAME": "NEAR SOUTH SIDE",
    "LONGITUDE": -87.6237265152,
    "LATITUDE": 41.855317671
  },
  {
    "STORE NAME": "DOMINICK'S #147/1147",
    "ADDRESS": "1340 S CANAL ST",
    "COMMUNITY AREA NAME": "NEAR WEST SIDE",
    "LONGITUDE": -87.6393040996,
    "LATITUDE": 41.8645211937
  },
  {
    "STORE NAME": "WHOLE FOODS MARKET",
    "ADDRESS": "1101 S CANAL ST",
    "COMMUNITY AREA NAME": "NEAR WEST SIDE",
    "LONGITUDE": -87.6390989281,
    "LATITUDE": 41.8688897111
  },
  {
    "STORE NAME": "DOMINICK'S #1875",
    "ADDRESS": "1 N HALSTED ST",
    "COMMUNITY AREA NAME": "NEAR WEST SIDE",
    "LONGITUDE": -87.647214717,
    "LATITUDE": 41.8818156316
  },
  {
    "STORE NAME": "ARISTA FOODS",
    "ADDRESS": "112 N MAY ST",
    "COMMUNITY AREA NAME": "NEAR WEST SIDE",
    "LONGITUDE": -87.6557252931,
    "LATITUDE": 41.8834021216
  },
  {
    "STORE NAME": "ATHENS GROCERY",
    "ADDRESS": "324 S HALSTED ST",
    "COMMUNITY AREA NAME": "NEAR WEST SIDE",
    "LONGITUDE": -87.6473642897,
    "LATITUDE": 41.8771621281
  },
  {
    "STORE NAME": "JEWEL FOOD STORE #3344",
    "ADDRESS": "1220 S ASHLAND AVE",
    "COMMUNITY AREA NAME": "NEAR WEST SIDE",
    "LONGITUDE": -87.6665241401,
    "LATITUDE": 41.8662541761
  },
  {
    "STORE NAME": "PEORIA PACKING LTD",
    "ADDRESS": "1300 W LAKE ST",
    "COMMUNITY AREA NAME": "NEAR WEST SIDE",
    "LONGITUDE": -87.6589569108,
    "LATITUDE": 41.88558042
  },
  {
    "STORE NAME": "WEST HAVEN MARKET & GRILL",
    "ADDRESS": "2132 W WASHINGTON BLVD",
    "COMMUNITY AREA NAME": "NEAR WEST SIDE",
    "LONGITUDE": -87.6804664902,
    "LATITUDE": 41.8831944724
  },
  {
    "STORE NAME": "TRATTORIA ISABELLA",
    "ADDRESS": "217 N JEFFERSON ST",
    "COMMUNITY AREA NAME": "NEAR WEST SIDE",
    "LONGITUDE": -87.6426439206,
    "LATITUDE": 41.8862936679
  },
  {
    "STORE NAME": "SUPER FURNITURE & FOOD MART",
    "ADDRESS": "5257 S ASHLAND AVE",
    "COMMUNITY AREA NAME": "NEW CITY",
    "LONGITUDE": -87.6645368783,
    "LATITUDE": 41.7978225881
  },
  {
    "STORE NAME": "HAREER FOOD & LIQUOR",
    "ADDRESS": "5452 S HALSTED ST",
    "COMMUNITY AREA NAME": "NEW CITY",
    "LONGITUDE": -87.6453134277,
    "LATITUDE": 41.7945591033
  },
  {
    "STORE NAME": "K & K FOOD & LIQUOR",
    "ADDRESS": "1130 W 51ST ST",
    "COMMUNITY AREA NAME": "NEW CITY",
    "LONGITUDE": -87.6537884728,
    "LATITUDE": 41.8015768439
  },
  {
    "STORE NAME": "E.M. GROCERIES",
    "ADDRESS": "5358 S CARPENTER ST",
    "COMMUNITY AREA NAME": "NEW CITY",
    "LONGITUDE": -87.6514349028,
    "LATITUDE": 41.7961289732
  },
  {
    "STORE NAME": "ALMUFLIHI FOOD & LIQUOR",
    "ADDRESS": "5404 S HALSTED ST",
    "COMMUNITY AREA NAME": "NEW CITY",
    "LONGITUDE": -87.6453441182,
    "LATITUDE": 41.7958707987
  },
  {
    "STORE NAME": "SUPER MERCADO EL GUERRO",
    "ADDRESS": "1701 W 47TH ST",
    "COMMUNITY AREA NAME": "NEW CITY",
    "LONGITUDE": -87.6674545133,
    "LATITUDE": 41.8084712383
  },
  {
    "STORE NAME": "FOOD 4 LESS MIDWEST #789",
    "ADDRESS": "4620 S DAMEN AVE",
    "COMMUNITY AREA NAME": "NEW CITY",
    "LONGITUDE": -87.6751156964,
    "LATITUDE": 41.809668528
  },
  {
    "STORE NAME": "WALMART",
    "ADDRESS": "1424 W 47TH ST",
    "COMMUNITY AREA NAME": "NEW CITY",
    "LONGITUDE": -87.66098821,
    "LATITUDE": 41.80876829
  },
  {
    "STORE NAME": "GOLDMORE FOOD",
    "ADDRESS": "1949 W 51ST ST",
    "COMMUNITY AREA NAME": "NEW CITY",
    "LONGITUDE": -87.6740803441,
    "LATITUDE": 41.8011278091
  },
  {
    "STORE NAME": "SUPER MAS MARKET",
    "ADDRESS": "1422 W 47TH ST",
    "COMMUNITY AREA NAME": "NEW CITY",
    "LONGITUDE": -87.6611701084,
    "LATITUDE": 41.8087654583
  },
  {
    "STORE NAME": "PARK PACKING OF CHICAGO, INC.",
    "ADDRESS": "1544 W 41ST ST",
    "COMMUNITY AREA NAME": "NEW CITY",
    "LONGITUDE": -87.6642353554,
    "LATITUDE": 41.8191594443
  },
  {
    "STORE NAME": "SUPERMERCADO EL CUBANO INC",
    "ADDRESS": "4939 S ASHLAND AVE",
    "COMMUNITY AREA NAME": "NEW CITY",
    "LONGITUDE": -87.6646953279,
    "LATITUDE": 41.803782323
  },
  {
    "STORE NAME": "FAIRPLAY FINER FOODS INC",
    "ADDRESS": "4640 S HALSTED ST",
    "COMMUNITY AREA NAME": "NEW CITY",
    "LONGITUDE": -87.6457075651,
    "LATITUDE": 41.809629768
  },
  {
    "STORE NAME": "ALDI'S #47",
    "ADDRESS": "1508 W 47TH ST",
    "COMMUNITY AREA NAME": "NEW CITY",
    "LONGITUDE": -87.6629116285,
    "LATITUDE": 41.8087413884
  },
  {
    "STORE NAME": "INTERNATIONAL SUPERMARKET INC",
    "ADDRESS": "4556 S ASHLAND AVE",
    "COMMUNITY AREA NAME": "NEW CITY",
    "LONGITUDE": -87.6651705169,
    "LATITUDE": 41.8105656774
  },
  {
    "STORE NAME": "SUPERIOR NUT & CANDY  CO.I INC.",
    "ADDRESS": "1111 W 40TH ST",
    "COMMUNITY AREA NAME": "NEW CITY",
    "LONGITUDE": -87.6537783218,
    "LATITUDE": 41.820957494
  },
  {
    "STORE NAME": "SUPER DOLLAR DISCOUNT",
    "ADDRESS": "4801 S ASHLAND AVE",
    "COMMUNITY AREA NAME": "NEW CITY",
    "LONGITUDE": -87.6647716526,
    "LATITUDE": 41.8066939242
  },
  {
    "STORE NAME": "DOMINICK'S # 86/1086",
    "ADDRESS": "3350 N WESTERN AVE",
    "COMMUNITY AREA NAME": "NORTH CENTER",
    "LONGITUDE": -87.6883543215,
    "LATITUDE": 41.9427471952
  },
  {
    "STORE NAME": "ALDI INC #58",
    "ADDRESS": "2431 W MONTROSE AVE",
    "COMMUNITY AREA NAME": "NORTH CENTER",
    "LONGITUDE": -87.6899669704,
    "LATITUDE": 41.9611940986
  },
  {
    "STORE NAME": "JEWEL FOOD STORE #3501",
    "ADDRESS": "3400 N WESTERN AVE",
    "COMMUNITY AREA NAME": "NORTH CENTER",
    "LONGITUDE": -87.6883020207,
    "LATITUDE": 41.9431873732
  },
  {
    "STORE NAME": "JEWEL FOOD STORE #3454",
    "ADDRESS": "4250 N LINCOLN AVE",
    "COMMUNITY AREA NAME": "NORTH CENTER",
    "LONGITUDE": -87.6823922417,
    "LATITUDE": 41.959100433
  },
  {
    "STORE NAME": "CLYBOURN MARKET",
    "ADDRESS": "2807 N CLYBOURN AVE",
    "COMMUNITY AREA NAME": "NORTH CENTER",
    "LONGITUDE": -87.678327456,
    "LATITUDE": 41.9325791837
  },
  {
    "STORE NAME": "TRADER JOE'S",
    "ADDRESS": "3745 N LINCOLN AVE",
    "COMMUNITY AREA NAME": "NORTH CENTER",
    "LONGITUDE": -87.6756711293,
    "LATITUDE": 41.9499611711
  },
  {
    "STORE NAME": "SAVE-A-LOT # 866",
    "ADDRESS": "3939 W OGDEN AVE",
    "COMMUNITY AREA NAME": "NORTH LAWNDALE",
    "LONGITUDE": -87.72385084,
    "LATITUDE": 41.85128849
  },
  {
    "STORE NAME": "WAY LOW DISCOUNT FOOD, INC.",
    "ADDRESS": "1551 S KEDZIE AVE",
    "COMMUNITY AREA NAME": "NORTH LAWNDALE",
    "LONGITUDE": -87.705338554,
    "LATITUDE": 41.8598459614
  },
  {
    "STORE NAME": "LAWNDALE FOOD MARKET",
    "ADDRESS": "3705 W 16TH ST",
    "COMMUNITY AREA NAME": "NORTH LAWNDALE",
    "LONGITUDE": -87.7178671863,
    "LATITUDE": 41.8588339683
  },
  {
    "STORE NAME": "SOLID GOLD",
    "ADDRESS": "3821 W ROOSEVELT RD",
    "COMMUNITY AREA NAME": "NORTH LAWNDALE",
    "LONGITUDE": -87.720927574,
    "LATITUDE": 41.866119494
  },
  {
    "STORE NAME": "JEWEL FOOD STORE #3442",
    "ADDRESS": "4042 W FOSTER AVE",
    "COMMUNITY AREA NAME": "NORTH PARK",
    "LONGITUDE": -87.7298445616,
    "LATITUDE": 41.9756241124
  },
  {
    "STORE NAME": "CHICAGO FOOD CORP",
    "ADDRESS": "5800 N PULASKI RD",
    "COMMUNITY AREA NAME": "NORTH PARK",
    "LONGITUDE": -87.7286634185,
    "LATITUDE": 41.9859279924
  },
  {
    "STORE NAME": "DOMINICK'S # 113/1113",
    "ADDRESS": "6312 N NAGLE AVE",
    "COMMUNITY AREA NAME": "NORWOOD PARK",
    "LONGITUDE": -87.7876371171,
    "LATITUDE": 41.9959852861
  },
  {
    "STORE NAME": "Natural Country Deli",
    "ADDRESS": "6452 N MILWAUKEE AVE",
    "COMMUNITY AREA NAME": "NORWOOD PARK",
    "LONGITUDE": -87.7890953687,
    "LATITUDE": 41.9984929696
  },
  {
    "STORE NAME": "THE PRODUCE CENTER",
    "ADDRESS": "5820 N MILWAUKEE AVE",
    "COMMUNITY AREA NAME": "NORWOOD PARK",
    "LONGITUDE": -87.7785157048,
    "LATITUDE": 41.9872696368
  },
  {
    "STORE NAME": "JEWEL FOOD STORE #3296",
    "ADDRESS": "7342 W FOSTER AVE",
    "COMMUNITY AREA NAME": "NORWOOD PARK",
    "LONGITUDE": -87.8113468842,
    "LATITUDE": 41.9745429477
  },
  {
    "STORE NAME": "JEWEL FOOD STORE #3477",
    "ADDRESS": "4734 N CUMBERLAND AVE",
    "COMMUNITY AREA NAME": "OHARE",
    "LONGITUDE": -87.8368311691,
    "LATITUDE": 41.9660114013
  },
  {
    "STORE NAME": "JEWEL FOOD STORES #3262",
    "ADDRESS": "4660 W IRVING PARK RD",
    "COMMUNITY AREA NAME": "PORTAGE PARK",
    "LONGITUDE": -87.7450553112,
    "LATITUDE": 41.9535544384
  },
  {
    "STORE NAME": "GENE'S SAUSAGE SHOP & DELI INC",
    "ADDRESS": "5330 W BELMONT AVE",
    "COMMUNITY AREA NAME": "PORTAGE PARK",
    "LONGITUDE": -87.7604070714,
    "LATITUDE": 41.9387619658
  },
  {
    "STORE NAME": "TONY'S FINER FOODS ENTERPRISES, INC.",
    "ADDRESS": "4608 W BELMONT AVE",
    "COMMUNITY AREA NAME": "PORTAGE PARK",
    "LONGITUDE": -87.7426989895,
    "LATITUDE": 41.9389938243
  },
  {
    "STORE NAME": "BOULEVARD FOOD & LIQUOR LLC",
    "ADDRESS": "5922 W IRVING PARK RD",
    "COMMUNITY AREA NAME": "PORTAGE PARK",
    "LONGITUDE": -87.7752593753,
    "LATITUDE": 41.9531825896
  },
  {
    "STORE NAME": "JEWEL FOOD STORE #3282",
    "ADDRESS": "4729 N CENTRAL AVE",
    "COMMUNITY AREA NAME": "PORTAGE PARK",
    "LONGITUDE": -87.7672994806,
    "LATITUDE": 41.966797112
  },
  {
    "STORE NAME": "SZYMANSKI BROS, INC",
    "ADDRESS": "6016 W IRVING RD",
    "COMMUNITY AREA NAME": "PORTAGE PARK",
    "LONGITUDE": -87.7775174877,
    "LATITUDE": 41.9531497374
  },
  {
    "STORE NAME": "J & J EUROPEAN DELI",
    "ADDRESS": "5960 W LAWRENCE AVE",
    "COMMUNITY AREA NAME": "PORTAGE PARK",
    "LONGITUDE": -87.7770202043,
    "LATITUDE": 41.9677648001
  },
  {
    "STORE NAME": "KRAKUS DELI,  INC",
    "ADDRESS": "5155 W ADDISON ST",
    "COMMUNITY AREA NAME": "PORTAGE PARK",
    "LONGITUDE": -87.7566458523,
    "LATITUDE": 41.9458951009
  },
  {
    "STORE NAME": "CALMA OPTIMAL DELI, INC.",
    "ADDRESS": "5155 W ADDISON ST",
    "COMMUNITY AREA NAME": "PORTAGE PARK",
    "LONGITUDE": -87.7566458523,
    "LATITUDE": 41.9458951009
  },
  {
    "STORE NAME": "CICERO DELI INC.",
    "ADDRESS": "3206 N CICERO AVE",
    "COMMUNITY AREA NAME": "PORTAGE PARK",
    "LONGITUDE": -87.7470219655,
    "LATITUDE": 41.93904667
  },
  {
    "STORE NAME": "TWO BLUE FOODS INC",
    "ADDRESS": "702 E 100TH PL",
    "COMMUNITY AREA NAME": "PULLMAN",
    "LONGITUDE": -87.6051275894,
    "LATITUDE": 41.712403787
  },
  {
    "STORE NAME": "WALMART",
    "ADDRESS": "10900 S DOTY AVE W",
    "COMMUNITY AREA NAME": "PULLMAN",
    "LONGITUDE": -87.59663224,
    "LATITUDE": 41.69631368
  },
  {
    "STORE NAME": "J R GROCERY STORE",
    "ADDRESS": "505 E 134TH ST",
    "COMMUNITY AREA NAME": "RIVERDALE",
    "LONGITUDE": -87.6093666123,
    "LATITUDE": 41.6517610645
  },
  {
    "STORE NAME": "KEY FOOD LIQUOR",
    "ADDRESS": "13355 S INDIANA AVE",
    "COMMUNITY AREA NAME": "RIVERDALE",
    "LONGITUDE": -87.6170837363,
    "LATITUDE": 41.6519728186
  },
  {
    "STORE NAME": "ROMAN BROS 1 INC",
    "ADDRESS": "6978 N CLARK ST",
    "COMMUNITY AREA NAME": "ROGERS PARK",
    "LONGITUDE": -87.674080374,
    "LATITUDE": 42.0088564722
  },
  {
    "STORE NAME": "MORSE FOOD AND MEAT MARKET",
    "ADDRESS": "1430 W MORSE AVE",
    "COMMUNITY AREA NAME": "ROGERS PARK",
    "LONGITUDE": -87.6671741467,
    "LATITUDE": 42.0079949199
  },
  {
    "STORE NAME": "PAULINA SUPER MARKET INC",
    "ADDRESS": "7622 N PAULINA ST",
    "COMMUNITY AREA NAME": "ROGERS PARK",
    "LONGITUDE": -87.6732345632,
    "LATITUDE": 42.020087315
  },
  {
    "STORE NAME": "HALAL MEAT & GROCERY",
    "ADDRESS": "1414 W DEVON AVE",
    "COMMUNITY AREA NAME": "ROGERS PARK",
    "LONGITUDE": -87.6661711005,
    "LATITUDE": 41.9982373871
  },
  {
    "STORE NAME": "SUPERMERCADO EL MEXICANO",
    "ADDRESS": "6701 N CLARK ST",
    "COMMUNITY AREA NAME": "ROGERS PARK",
    "LONGITUDE": -87.6723519319,
    "LATITUDE": 42.0035849743
  },
  {
    "STORE NAME": "SAM FOOD AND LIQUOR",
    "ADDRESS": "6812 N SHERIDAN RD",
    "COMMUNITY AREA NAME": "ROGERS PARK",
    "LONGITUDE": -87.6611747511,
    "LATITUDE": 42.0059448161
  },
  {
    "STORE NAME": "DEVON MARKET",
    "ADDRESS": "1440 W DEVON AVE",
    "COMMUNITY AREA NAME": "ROGERS PARK",
    "LONGITUDE": -87.6671044665,
    "LATITUDE": 41.9982282538
  },
  {
    "STORE NAME": "BUDGET FINER FOODS",
    "ADDRESS": "6604 N SHERIDAN RD",
    "COMMUNITY AREA NAME": "ROGERS PARK",
    "LONGITUDE": -87.6609383664,
    "LATITUDE": 42.0027261067
  },
  {
    "STORE NAME": "SUPERMERCADO CHAPALA",
    "ADDRESS": "7117 N CLARK ST",
    "COMMUNITY AREA NAME": "ROGERS PARK",
    "LONGITUDE": -87.6743840578,
    "LATITUDE": 42.0119757995
  },
  {
    "STORE NAME": "AROUND THE CLOCK",
    "ADDRESS": "1605 W HOWARD ST",
    "COMMUNITY AREA NAME": "ROGERS PARK",
    "LONGITUDE": -87.6715720734,
    "LATITUDE": 42.0192651821
  },
  {
    "STORE NAME": "DOMINICK'S #160/1698",
    "ADDRESS": "1763 W HOWARD ST",
    "COMMUNITY AREA NAME": "ROGERS PARK",
    "LONGITUDE": -87.6750585094,
    "LATITUDE": 42.0192885501
  },
  {
    "STORE NAME": "CARNICERIA LA AZTECA",
    "ADDRESS": "7067 N CLARK ST",
    "COMMUNITY AREA NAME": "ROGERS PARK",
    "LONGITUDE": -87.6742146577,
    "LATITUDE": 42.0109629527
  },
  {
    "STORE NAME": "EDDY'S FOOD MART",
    "ADDRESS": "7575 N ROGERS AVE",
    "COMMUNITY AREA NAME": "ROGERS PARK",
    "LONGITUDE": -87.668397288,
    "LATITUDE": 42.019164625
  },
  {
    "STORE NAME": "NANCE FOOD MART",
    "ADDRESS": "10935 S WENTWORTH AVE",
    "COMMUNITY AREA NAME": "ROSELAND",
    "LONGITUDE": -87.6278202407,
    "LATITUDE": 41.6951531575
  },
  {
    "STORE NAME": "ROSE-RIDGE FOODS",
    "ADDRESS": "10500 S MICHIGAN AVE",
    "COMMUNITY AREA NAME": "ROSELAND",
    "LONGITUDE": -87.6208096791,
    "LATITUDE": 41.7034152187
  },
  {
    "STORE NAME": "KHALIL FOOD & LIQUOR",
    "ADDRESS": "146 W 103RD ST",
    "COMMUNITY AREA NAME": "ROSELAND",
    "LONGITUDE": -87.6277515583,
    "LATITUDE": 41.707218139
  },
  {
    "STORE NAME": "BUY -N- SAVE",
    "ADDRESS": "209 E 103RD ST",
    "COMMUNITY AREA NAME": "ROSELAND",
    "LONGITUDE": -87.6182417299,
    "LATITUDE": 41.7071353216
  },
  {
    "STORE NAME": "EDDIE'S SUNSHINE FOOD & LIQUOR,  INC.",
    "ADDRESS": "10806 S MICHIGAN AVE",
    "COMMUNITY AREA NAME": "ROSELAND",
    "LONGITUDE": -87.6210110036,
    "LATITUDE": 41.6978179235
  },
  {
    "STORE NAME": "SHOP WISE FOOD",
    "ADDRESS": "316 W 103RD ST",
    "COMMUNITY AREA NAME": "ROSELAND",
    "LONGITUDE": -87.6314024214,
    "LATITUDE": 41.7071739515
  },
  {
    "STORE NAME": "HILLTOP LIQUORS MART",
    "ADDRESS": "10259 S MICHIGAN AVE",
    "COMMUNITY AREA NAME": "ROSELAND",
    "LONGITUDE": -87.620056364,
    "LATITUDE": 41.7072479748
  },
  {
    "STORE NAME": "W & R FOOD & LIQUOR INC",
    "ADDRESS": "1717 E 79TH ST",
    "COMMUNITY AREA NAME": "SOUTH CHICAGO",
    "LONGITUDE": -87.5822058165,
    "LATITUDE": 41.7514187003
  },
  {
    "STORE NAME": "SAVE-A-LOT  # 858",
    "ADDRESS": "2858 E 83RD ST",
    "COMMUNITY AREA NAME": "SOUTH CHICAGO",
    "LONGITUDE": -87.5540391375,
    "LATITUDE": 41.7447308395
  },
  {
    "STORE NAME": "FIRST CHOICE MARKET",
    "ADDRESS": "3019 E 91ST ST",
    "COMMUNITY AREA NAME": "SOUTH CHICAGO",
    "LONGITUDE": -87.5503825944,
    "LATITUDE": 41.7299778712
  },
  {
    "STORE NAME": "MACIAS PRODUCE INC.",
    "ADDRESS": "8933 S COMMERCIAL AVE",
    "COMMUNITY AREA NAME": "SOUTH CHICAGO",
    "LONGITUDE": -87.5511727836,
    "LATITUDE": 41.7327335949
  },
  {
    "STORE NAME": "WALGREENS # 05192",
    "ADDRESS": "2924 E 92ND ST",
    "COMMUNITY AREA NAME": "SOUTH CHICAGO",
    "LONGITUDE": -87.55286024,
    "LATITUDE": 41.72833654
  },
  {
    "STORE NAME": "COMMERCIAL GROCERY",
    "ADDRESS": "3004 E 100TH ST",
    "COMMUNITY AREA NAME": "SOUTH DEERING",
    "LONGITUDE": -87.5507331066,
    "LATITUDE": 41.7134978435
  },
  {
    "STORE NAME": "JEWEL FOOD STORE #3092",
    "ADDRESS": "1655 E 95TH ST",
    "COMMUNITY AREA NAME": "SOUTH DEERING",
    "LONGITUDE": -87.5829176346,
    "LATITUDE": 41.7222631981
  },
  {
    "STORE NAME": "LA FERIA GROCERY",
    "ADDRESS": "9704 S COMMERCIAL AVE",
    "COMMUNITY AREA NAME": "SOUTH DEERING",
    "LONGITUDE": -87.5511742972,
    "LATITUDE": 41.7189121563
  },
  {
    "STORE NAME": "ALDI INC STORE #95",
    "ADDRESS": "2333 E 95TH ST",
    "COMMUNITY AREA NAME": "SOUTH DEERING",
    "LONGITUDE": -87.5666730521,
    "LATITUDE": 41.722466242
  },
  {
    "STORE NAME": "LA JALISCIENCE",
    "ADDRESS": "3239 W 26TH ST",
    "COMMUNITY AREA NAME": "SOUTH LAWNDALE",
    "LONGITUDE": -87.7064970959,
    "LATITUDE": 41.8443879922
  },
  {
    "STORE NAME": "RIGO'S GROCERY",
    "ADDRESS": "2858 S LAWNDALE AVE",
    "COMMUNITY AREA NAME": "SOUTH LAWNDALE",
    "LONGITUDE": -87.7172305546,
    "LATITUDE": 41.8389367453
  },
  {
    "STORE NAME": "SUPER MERCADO LA CHIQUITA",
    "ADDRESS": "3555 W 26TH ST",
    "COMMUNITY AREA NAME": "SOUTH LAWNDALE",
    "LONGITUDE": -87.7145537663,
    "LATITUDE": 41.8442791237
  },
  {
    "STORE NAME": "SUPERMERCADO ALEX",
    "ADDRESS": "4134 W 31ST ST",
    "COMMUNITY AREA NAME": "SOUTH LAWNDALE",
    "LONGITUDE": -87.7281423632,
    "LATITUDE": 41.8369472381
  },
  {
    "STORE NAME": "Supermercado Santos",
    "ADDRESS": "4045 W 31ST ST",
    "COMMUNITY AREA NAME": "SOUTH LAWNDALE",
    "LONGITUDE": -87.7261326568,
    "LATITUDE": 41.8367499608
  },
  {
    "STORE NAME": "PETE'S FRESH SUPERMARKET",
    "ADDRESS": "2526 W CERMAK RD",
    "COMMUNITY AREA NAME": "SOUTH LAWNDALE",
    "LONGITUDE": -87.68905111,
    "LATITUDE": 41.85210065
  },
  {
    "STORE NAME": "SUPERMERCADO GELA'S",
    "ADDRESS": "2701 S LAWNDALE AVE",
    "COMMUNITY AREA NAME": "SOUTH LAWNDALE",
    "LONGITUDE": -87.7170303155,
    "LATITUDE": 41.8424245295
  },
  {
    "STORE NAME": "FRUTERIA EL MERCADO",
    "ADDRESS": "2759 S SPAULDING AVE",
    "COMMUNITY AREA NAME": "SOUTH LAWNDALE",
    "LONGITUDE": -87.7072241769,
    "LATITUDE": 41.8409331636
  },
  {
    "STORE NAME": "LA MERCED INC",
    "ADDRESS": "4335 W 26TH ST",
    "COMMUNITY AREA NAME": "SOUTH LAWNDALE",
    "LONGITUDE": -87.7324328647,
    "LATITUDE": 41.8440327965
  },
  {
    "STORE NAME": "EL MILAGRO",
    "ADDRESS": "3048 W 26TH ST",
    "COMMUNITY AREA NAME": "SOUTH LAWNDALE",
    "LONGITUDE": -87.702102936,
    "LATITUDE": 41.8446873274
  },
  {
    "STORE NAME": "SUPERMERCADO GUADALAJARA #2",
    "ADDRESS": "2300 S KEDZIE AVE",
    "COMMUNITY AREA NAME": "SOUTH LAWNDALE",
    "LONGITUDE": -87.7053434771,
    "LATITUDE": 41.8498575327
  },
  {
    "STORE NAME": "CARNICERIA DEL RIO",
    "ADDRESS": "2714 W CERMAK RD",
    "COMMUNITY AREA NAME": "SOUTH LAWNDALE",
    "LONGITUDE": -87.6936969081,
    "LATITUDE": 41.8520347381
  },
  {
    "STORE NAME": "ALDI #30",
    "ADDRESS": "3030 S KEDZIE AVE",
    "COMMUNITY AREA NAME": "SOUTH LAWNDALE",
    "LONGITUDE": -87.7049944648,
    "LATITUDE": 41.8381141517
  },
  {
    "STORE NAME": "GAYTAN GROCERY STORE",
    "ADDRESS": "2802 S KOLIN AVE",
    "COMMUNITY AREA NAME": "SOUTH LAWNDALE",
    "LONGITUDE": -87.733107059,
    "LATITUDE": 41.8403086304
  },
  {
    "STORE NAME": "WALGREENS #226",
    "ADDRESS": "4005 W 26TH ST",
    "COMMUNITY AREA NAME": "SOUTH LAWNDALE",
    "LONGITUDE": -87.72477825,
    "LATITUDE": 41.84414469
  },
  {
    "STORE NAME": "RODRIGUEZ FRUITS & VEGETABLE",
    "ADDRESS": "2458 S ST LOUIS AVE",
    "COMMUNITY AREA NAME": "SOUTH LAWNDALE",
    "LONGITUDE": -87.7125513997,
    "LATITUDE": 41.8463298609
  },
  {
    "STORE NAME": "SUPERMERCADO LA CHIQUTIA # 4",
    "ADDRESS": "2623 S PULASKI RD",
    "COMMUNITY AREA NAME": "SOUTH LAWNDALE",
    "LONGITUDE": -87.7243821794,
    "LATITUDE": 41.8435348913
  },
  {
    "STORE NAME": "LA NUEVA IMAGEN GROCERY, INC.",
    "ADDRESS": "2459 S MILLARD AVE",
    "COMMUNITY AREA NAME": "SOUTH LAWNDALE",
    "LONGITUDE": -87.7159164295,
    "LATITUDE": 41.8462971046
  },
  {
    "STORE NAME": "SUPERMERCADO GUERRERO",
    "ADDRESS": "3100 W CERMAK RD",
    "COMMUNITY AREA NAME": "SOUTH LAWNDALE",
    "LONGITUDE": -87.702875989,
    "LATITUDE": 41.8519083675
  },
  {
    "STORE NAME": "PETE'S FRESH SUPERMARKET",
    "ADDRESS": "2526 W CERMAK RD",
    "COMMUNITY AREA NAME": "SOUTH LAWNDALE",
    "LONGITUDE": -87.6890511106,
    "LATITUDE": 41.8521006532
  },
  {
    "STORE NAME": "MINI MERCADO LA BETANIA",
    "ADDRESS": "2800 S TRIPP AVE",
    "COMMUNITY AREA NAME": "SOUTH LAWNDALE",
    "LONGITUDE": -87.7306750125,
    "LATITUDE": 41.8403965367
  },
  {
    "STORE NAME": "CERMAK PRODUCE",
    "ADDRESS": "3311 W 26TH ST",
    "COMMUNITY AREA NAME": "SOUTH LAWNDALE",
    "LONGITUDE": -87.7078980538,
    "LATITUDE": 41.8443667287
  },
  {
    "STORE NAME": "FAIRWAY FOOD",
    "ADDRESS": "2900 E 79TH ST",
    "COMMUNITY AREA NAME": "SOUTH SHORE",
    "LONGITUDE": -87.5540154169,
    "LATITUDE": 41.7520053919
  },
  {
    "STORE NAME": "SOUTH SHORE FOOD MARKET INC.",
    "ADDRESS": "7501 S JEFFERY BLVD",
    "COMMUNITY AREA NAME": "SOUTH SHORE",
    "LONGITUDE": -87.5759934845,
    "LATITUDE": 41.7587872873
  },
  {
    "STORE NAME": "SAVE-A-LOT  #852",
    "ADDRESS": "7240 S STONY ISLAND AVE",
    "COMMUNITY AREA NAME": "SOUTH SHORE",
    "LONGITUDE": -87.5863901619,
    "LATITUDE": 41.7630223653
  },
  {
    "STORE NAME": "S & K FOOD & LIQUOR, INC.",
    "ADDRESS": "7500 S EXCHANGE AVE",
    "COMMUNITY AREA NAME": "SOUTH SHORE",
    "LONGITUDE": -87.5603778108,
    "LATITUDE": 41.7589927618
  },
  {
    "STORE NAME": "DOMINICK'S # 130/1130",
    "ADDRESS": "2101 E 71ST ST",
    "COMMUNITY AREA NAME": "SOUTH SHORE",
    "LONGITUDE": -87.5737873367,
    "LATITUDE": 41.7659900011
  },
  {
    "STORE NAME": "JEWEL FOOD STORE #3030",
    "ADDRESS": "7530 S STONY ISLAND AVE",
    "COMMUNITY AREA NAME": "SOUTH SHORE",
    "LONGITUDE": -87.586268258,
    "LATITUDE": 41.7578056585
  },
  {
    "STORE NAME": "The Unit",
    "ADDRESS": "2523 E 75TH ST",
    "COMMUNITY AREA NAME": "SOUTH SHORE",
    "LONGITUDE": -87.5628760391,
    "LATITUDE": 41.7589223174
  },
  {
    "STORE NAME": "TAI NAM CORPORATION",
    "ADDRESS": "4925 N BROADWAY",
    "COMMUNITY AREA NAME": "UPTOWN",
    "LONGITUDE": -87.6596091001,
    "LATITUDE": 41.972213557
  },
  {
    "STORE NAME": "S L PANTRY & GRILL",
    "ADDRESS": "4759 N SHERIDAN RD",
    "COMMUNITY AREA NAME": "UPTOWN",
    "LONGITUDE": -87.654674059,
    "LATITUDE": 41.9690466747
  },
  {
    "STORE NAME": "THRIFTY FOOD",
    "ADDRESS": "928 W WILSON AVE",
    "COMMUNITY AREA NAME": "UPTOWN",
    "LONGITUDE": -87.653559279,
    "LATITUDE": 41.9655577007
  },
  {
    "STORE NAME": "HOA NOM CO",
    "ADDRESS": "1101 W ARGYLE ST",
    "COMMUNITY AREA NAME": "UPTOWN",
    "LONGITUDE": -87.6578331796,
    "LATITUDE": 41.9731612999
  },
  {
    "STORE NAME": "OLD WORLD MARKET",
    "ADDRESS": "5129 N BROADWAY",
    "COMMUNITY AREA NAME": "UPTOWN",
    "LONGITUDE": -87.6596970117,
    "LATITUDE": 41.9754753986
  },
  {
    "STORE NAME": "MY RANCH, INC.",
    "ADDRESS": "4650 N SHERIDAN RD",
    "COMMUNITY AREA NAME": "UPTOWN",
    "LONGITUDE": -87.6549446417,
    "LATITUDE": 41.9669775683
  },
  {
    "STORE NAME": "IMPERIAL TOWER MARKET",
    "ADDRESS": "4250 N MARINE DR",
    "COMMUNITY AREA NAME": "UPTOWN",
    "LONGITUDE": -87.6469060276,
    "LATITUDE": 41.960019954
  },
  {
    "STORE NAME": "ALDI'S",
    "ADDRESS": "4500 N BROADWAY",
    "COMMUNITY AREA NAME": "UPTOWN",
    "LONGITUDE": -87.6566064924,
    "LATITUDE": 41.9637889643
  },
  {
    "STORE NAME": "CLARENDON FOOD MART INC",
    "ADDRESS": "4183 N CLARENDON AVE",
    "COMMUNITY AREA NAME": "UPTOWN",
    "LONGITUDE": -87.6496537356,
    "LATITUDE": 41.9580048015
  },
  {
    "STORE NAME": "JEWEL FOOD STORE #3455",
    "ADDRESS": "4355 N SHERIDAN RD",
    "COMMUNITY AREA NAME": "UPTOWN",
    "LONGITUDE": -87.6545929748,
    "LATITUDE": 41.9613977799
  },
  {
    "STORE NAME": "MAKOLA AFRICAN SUPERMARKET #2",
    "ADDRESS": "4501 N SHERIDAN RD",
    "COMMUNITY AREA NAME": "UPTOWN",
    "LONGITUDE": -87.6546221904,
    "LATITUDE": 41.9636502775
  },
  {
    "STORE NAME": "ORIENTAL ASIA MARKET INC.",
    "ADDRESS": "4932 N SHERIDAN RD",
    "COMMUNITY AREA NAME": "UPTOWN",
    "LONGITUDE": -87.6550576698,
    "LATITUDE": 41.9725559281
  },
  {
    "STORE NAME": "VIET HOA PLAZA",
    "ADDRESS": "1051 W ARGYLE ST",
    "COMMUNITY AREA NAME": "UPTOWN",
    "LONGITUDE": -87.6569923349,
    "LATITUDE": 41.9731740098
  },
  {
    "STORE NAME": "BROADWAY SUPERMARKET",
    "ADDRESS": "4879 N BROADWAY",
    "COMMUNITY AREA NAME": "UPTOWN",
    "LONGITUDE": -87.659580975,
    "LATITUDE": 41.9711711808
  },
  {
    "STORE NAME": "LAKE VIEW FOODS INC",
    "ADDRESS": "4106 N SHERIDAN RD",
    "COMMUNITY AREA NAME": "UPTOWN",
    "LONGITUDE": -87.6547628922,
    "LATITUDE": 41.9570402995
  },
  {
    "STORE NAME": "ASHLAND FOOD AND LIQUORS",
    "ADDRESS": "1554 W 95TH ST",
    "COMMUNITY AREA NAME": "WASHINGTON HEIGHTS",
    "LONGITUDE": -87.6625336585,
    "LATITUDE": 41.7213269867
  },
  {
    "STORE NAME": "JEWEL FOOD STORE #3176",
    "ADDRESS": "9400 S ASHLAND AVE",
    "COMMUNITY AREA NAME": "WASHINGTON HEIGHTS",
    "LONGITUDE": -87.6628628713,
    "LATITUDE": 41.7229412182
  },
  {
    "STORE NAME": "Save-A-Lot #882",
    "ADDRESS": "344 E 63RD ST",
    "COMMUNITY AREA NAME": "WASHINGTON PARK",
    "LONGITUDE": -87.6171353804,
    "LATITUDE": 41.7803216101
  },
  {
    "STORE NAME": "MR G'S FOOD & LIQUOR",
    "ADDRESS": "332 E 58TH ST",
    "COMMUNITY AREA NAME": "WASHINGTON PARK",
    "LONGITUDE": -87.6178403398,
    "LATITUDE": 41.7894298575
  },
  {
    "STORE NAME": "JARDAN FOOD & LIQUOR",
    "ADDRESS": "317 E GARFIELD BLVD",
    "COMMUNITY AREA NAME": "WASHINGTON PARK",
    "LONGITUDE": -87.6185206053,
    "LATITUDE": 41.7943249341
  },
  {
    "STORE NAME": "CERMAK PRODUCE",
    "ADDRESS": "5220 S PULASKI RD",
    "COMMUNITY AREA NAME": "WEST ELSDON",
    "LONGITUDE": -87.7234437408,
    "LATITUDE": 41.79799187
  },
  {
    "STORE NAME": "JEWEL FOOD STORE #3170",
    "ADDRESS": "5320 S PULASKI RD",
    "COMMUNITY AREA NAME": "WEST ELSDON",
    "LONGITUDE": -87.7233918834,
    "LATITUDE": 41.7961975914
  },
  {
    "STORE NAME": "WEST LAWN FOODS",
    "ADDRESS": "5838 S PULASKI RD",
    "COMMUNITY AREA NAME": "WEST ELSDON",
    "LONGITUDE": -87.7231300289,
    "LATITUDE": 41.7866084095
  },
  {
    "STORE NAME": "PETE'S MEAT & GROCERY #2",
    "ADDRESS": "2001 W 71ST ST",
    "COMMUNITY AREA NAME": "WEST ENGLEWOOD",
    "LONGITUDE": -87.6735927847,
    "LATITUDE": 41.764696121
  },
  {
    "STORE NAME": "EDDIE'S FOOD MART",
    "ADDRESS": "1858 W 63RD ST",
    "COMMUNITY AREA NAME": "WEST ENGLEWOOD",
    "LONGITUDE": -87.6714366715,
    "LATITUDE": 41.7794611564
  },
  {
    "STORE NAME": "ADA FOODS",
    "ADDRESS": "1281 W 71ST ST",
    "COMMUNITY AREA NAME": "WEST ENGLEWOOD",
    "LONGITUDE": -87.6573078048,
    "LATITUDE": 41.7648941814
  },
  {
    "STORE NAME": "EXTRA VALUE FOOD & LIQUOR",
    "ADDRESS": "6257 S ASHLAND AVE",
    "COMMUNITY AREA NAME": "WEST ENGLEWOOD",
    "LONGITUDE": -87.6640774893,
    "LATITUDE": 41.7796146658
  },
  {
    "STORE NAME": "Food 4 Less Midwest",
    "ADDRESS": "7030 S ASHLAND AVE",
    "COMMUNITY AREA NAME": "WEST ENGLEWOOD",
    "LONGITUDE": -87.6639668865,
    "LATITUDE": 41.7657907704
  },
  {
    "STORE NAME": "SUPER DOLLAR AND UP 4, INC.",
    "ADDRESS": "1604 W 59TH ST",
    "COMMUNITY AREA NAME": "WEST ENGLEWOOD",
    "LONGITUDE": -87.6646155793,
    "LATITUDE": 41.7868526305
  },
  {
    "STORE NAME": "STEVE FOOD & LIQUOR",
    "ADDRESS": "6058 S RACINE AVE",
    "COMMUNITY AREA NAME": "WEST ENGLEWOOD",
    "LONGITUDE": -87.6547432794,
    "LATITUDE": 41.7833341838
  },
  {
    "STORE NAME": "RAINBOW FINER FOOD & LIQUOR",
    "ADDRESS": "6316 S ASHLAND AVE",
    "COMMUNITY AREA NAME": "WEST ENGLEWOOD",
    "LONGITUDE": -87.6643526811,
    "LATITUDE": 41.7789224055
  },
  {
    "STORE NAME": "BUSY BEE SUPERMARKET",
    "ADDRESS": "5659 S ASHLAND AVE",
    "COMMUNITY AREA NAME": "WEST ENGLEWOOD",
    "LONGITUDE": -87.6643450657,
    "LATITUDE": 41.7904800194
  },
  {
    "STORE NAME": "RAINBOW GROCERY",
    "ADDRESS": "2003 W 69TH ST",
    "COMMUNITY AREA NAME": "WEST ENGLEWOOD",
    "LONGITUDE": -87.673819384,
    "LATITUDE": 41.7683283348
  },
  {
    "STORE NAME": "D & A FOOD & LIQUOR",
    "ADDRESS": "1601 W GARFIELD BLVD",
    "COMMUNITY AREA NAME": "WEST ENGLEWOOD",
    "LONGITUDE": -87.6646375512,
    "LATITUDE": 41.793554363
  },
  {
    "STORE NAME": "WASHINGTON GROCERY",
    "ADDRESS": "4139 W FIFTH AVE",
    "COMMUNITY AREA NAME": "WEST GARFIELD PARK",
    "LONGITUDE": -87.7290573726,
    "LATITUDE": 41.8718636117
  },
  {
    "STORE NAME": "Three Stars Liquors",
    "ADDRESS": "310 N KOSTNER AVE",
    "COMMUNITY AREA NAME": "WEST GARFIELD PARK",
    "LONGITUDE": -87.7357878114,
    "LATITUDE": 41.8858229904
  },
  {
    "STORE NAME": "ALDI FOODS #91",
    "ADDRESS": "3835 W MADISON ST",
    "COMMUNITY AREA NAME": "WEST GARFIELD PARK",
    "LONGITUDE": -87.7221936689,
    "LATITUDE": 41.8806594115
  },
  {
    "STORE NAME": "SAVE-A-LOT  #859",
    "ADDRESS": "420 S PULASKI RD",
    "COMMUNITY AREA NAME": "WEST GARFIELD PARK",
    "LONGITUDE": -87.7255969017,
    "LATITUDE": 41.8745373122
  },
  {
    "STORE NAME": "ONE STOP",
    "ADDRESS": "4401 W MADISON ST",
    "COMMUNITY AREA NAME": "WEST GARFIELD PARK",
    "LONGITUDE": -87.735595961,
    "LATITUDE": 41.8804994508
  },
  {
    "STORE NAME": "PERSONAL LIQUORS INC",
    "ADDRESS": "4241 W MADISON ST",
    "COMMUNITY AREA NAME": "WEST GARFIELD PARK",
    "LONGITUDE": -87.7322160373,
    "LATITUDE": 41.8805391992
  },
  {
    "STORE NAME": "CRESPO'S FOOD MART",
    "ADDRESS": "4353 W MADISON ST",
    "COMMUNITY AREA NAME": "WEST GARFIELD PARK",
    "LONGITUDE": -87.7351228503,
    "LATITUDE": 41.880504995
  },
  {
    "STORE NAME": "SUPERMERCADO TEPECOA GUERRERO",
    "ADDRESS": "3629 W 63RD ST",
    "COMMUNITY AREA NAME": "WEST LAWN",
    "LONGITUDE": -87.7142516633,
    "LATITUDE": 41.7786847162
  },
  {
    "STORE NAME": "SAVE-A-LOT #860",
    "ADDRESS": "4439 W 63RD ST",
    "COMMUNITY AREA NAME": "WEST LAWN",
    "LONGITUDE": -87.7340575715,
    "LATITUDE": 41.7784159744
  },
  {
    "STORE NAME": "DISCOUNT PANTRY CORPORATION",
    "ADDRESS": "4153 W 63RD ST",
    "COMMUNITY AREA NAME": "WEST LAWN",
    "LONGITUDE": -87.727327519,
    "LATITUDE": 41.7784929073
  },
  {
    "STORE NAME": "K BUENA",
    "ADDRESS": "4322 W MARQUETTE RD",
    "COMMUNITY AREA NAME": "WEST LAWN",
    "LONGITUDE": -87.7309533689,
    "LATITUDE": 41.7713833198
  },
  {
    "STORE NAME": "ALDI INC. #96",
    "ADDRESS": "821 W 115TH ST",
    "COMMUNITY AREA NAME": "WEST PULLMAN",
    "LONGITUDE": -87.6430223096,
    "LATITUDE": 41.6849606404
  },
  {
    "STORE NAME": "THE WAREHOUSE",
    "ADDRESS": "538 W 119TH ST",
    "COMMUNITY AREA NAME": "WEST PULLMAN",
    "LONGITUDE": -87.6362008551,
    "LATITUDE": 41.6779860017
  },
  {
    "STORE NAME": "CARNICERIA EL PORVENIR",
    "ADDRESS": "150 E KENSINGTON AVE",
    "COMMUNITY AREA NAME": "WEST PULLMAN",
    "LONGITUDE": -87.6187429679,
    "LATITUDE": 41.684063198
  },
  {
    "STORE NAME": "THREE ROOSTERS, INC.",
    "ADDRESS": "12247 S HALSTED ST",
    "COMMUNITY AREA NAME": "WEST PULLMAN",
    "LONGITUDE": -87.6415330496,
    "LATITUDE": 41.6709717654
  },
  {
    "STORE NAME": "NANCY FOODS INC",
    "ADDRESS": "12315 S STATE ST",
    "COMMUNITY AREA NAME": "WEST PULLMAN",
    "LONGITUDE": -87.6222719562,
    "LATITUDE": 41.6702523999
  },
  {
    "STORE NAME": "QUICK STOP FOOD MART",
    "ADDRESS": "2751 W PRATT BLVD",
    "COMMUNITY AREA NAME": "WEST RIDGE",
    "LONGITUDE": -87.6994227766,
    "LATITUDE": 42.0047500731
  },
  {
    "STORE NAME": "PATEL BROS",
    "ADDRESS": "2610 W DEVON AVE",
    "COMMUNITY AREA NAME": "WEST RIDGE",
    "LONGITUDE": -87.6952511581,
    "LATITUDE": 41.9977473006
  },
  {
    "STORE NAME": "PETERSON FOOD MART",
    "ADDRESS": "2534 W PETERSON AVE",
    "COMMUNITY AREA NAME": "WEST RIDGE",
    "LONGITUDE": -87.6935345218,
    "LATITUDE": 41.9905852147
  },
  {
    "STORE NAME": "NAYAB MART",
    "ADDRESS": "2449 W DEVON AVE",
    "COMMUNITY AREA NAME": "WEST RIDGE",
    "LONGITUDE": -87.6918369148,
    "LATITUDE": 41.9975891244
  },
  {
    "STORE NAME": "KOL TUV KOSHER FOODS INC",
    "ADDRESS": "2938 W DEVON AVE",
    "COMMUNITY AREA NAME": "WEST RIDGE",
    "LONGITUDE": -87.7036126719,
    "LATITUDE": 41.9976012808
  },
  {
    "STORE NAME": "ALDI INC # 62",
    "ADDRESS": "6220 N CALIFORNIA AVE",
    "COMMUNITY AREA NAME": "WEST RIDGE",
    "LONGITUDE": -87.6996868624,
    "LATITUDE": 41.9946209588
  },
  {
    "STORE NAME": "THE FISH KEG INC",
    "ADDRESS": "2233 W HOWARD ST",
    "COMMUNITY AREA NAME": "WEST RIDGE",
    "LONGITUDE": -87.6860204976,
    "LATITUDE": 42.0193947424
  },
  {
    "STORE NAME": "MEHRAB ZABIHA MEAT & TOBACCO",
    "ADDRESS": "2445 W DEVON AVE",
    "COMMUNITY AREA NAME": "WEST RIDGE",
    "LONGITUDE": -87.6916681219,
    "LATITUDE": 41.9975920168
  },
  {
    "STORE NAME": "PAR BIRDIE FOODS",
    "ADDRESS": "2234 W DEVON AVE",
    "COMMUNITY AREA NAME": "WEST RIDGE",
    "LONGITUDE": -87.6863782179,
    "LATITUDE": 41.9979009735
  },
  {
    "STORE NAME": "FARM SUPER MARKET",
    "ADDRESS": "2255 W DEVON AVE",
    "COMMUNITY AREA NAME": "WEST RIDGE",
    "LONGITUDE": -87.687213456,
    "LATITUDE": 41.9976669579
  },
  {
    "STORE NAME": "MORELIA SUPERMARKET, INC.",
    "ADDRESS": "7300 N WESTERN AVE",
    "COMMUNITY AREA NAME": "WEST RIDGE",
    "LONGITUDE": -87.6903783498,
    "LATITUDE": 42.0141839829
  },
  {
    "STORE NAME": "CHICAGO GROCERS",
    "ADDRESS": "2122 W DEVON AVE",
    "COMMUNITY AREA NAME": "WEST RIDGE",
    "LONGITUDE": -87.683568705,
    "LATITUDE": 41.9979458853
  },
  {
    "STORE NAME": "NOOR MEAT",
    "ADDRESS": "2505 W DEVON AVE",
    "COMMUNITY AREA NAME": "WEST RIDGE",
    "LONGITUDE": -87.6925485988,
    "LATITUDE": 41.9975738059
  },
  {
    "STORE NAME": "KAMDAR PLAZA INC",
    "ADDRESS": "2646 W DEVON AVE",
    "COMMUNITY AREA NAME": "WEST RIDGE",
    "LONGITUDE": -87.6966411029,
    "LATITUDE": 41.9977219015
  },
  {
    "STORE NAME": "WORLD FRESH MARKET",
    "ADDRESS": "2434 W DEVON AVE",
    "COMMUNITY AREA NAME": "WEST RIDGE",
    "LONGITUDE": -87.6912518856,
    "LATITUDE": 41.997817926
  },
  {
    "STORE NAME": "AWAMI BAZAAR & ZABIHA MEAT",
    "ADDRESS": "2340 W DEVON AVE",
    "COMMUNITY AREA NAME": "WEST RIDGE",
    "LONGITUDE": -87.6890642657,
    "LATITUDE": 41.9978536894
  },
  {
    "STORE NAME": "DOMINICK'S",
    "ADDRESS": "6623 N DAMEN AVE",
    "COMMUNITY AREA NAME": "WEST RIDGE",
    "LONGITUDE": -87.680128828,
    "LATITUDE": 42.0022233751
  },
  {
    "STORE NAME": "FRESH FARMS INTERNATIONAL",
    "ADDRESS": "2626 W DEVON AVE",
    "COMMUNITY AREA NAME": "WEST RIDGE",
    "LONGITUDE": -87.6959288805,
    "LATITUDE": 41.9977359091
  },
  {
    "STORE NAME": "STANLEY'S",
    "ADDRESS": "1558 N ELSTON AVE",
    "COMMUNITY AREA NAME": "WEST TOWN",
    "LONGITUDE": -87.6622352294,
    "LATITUDE": 41.9105746696
  },
  {
    "STORE NAME": "THREE BROTHER",
    "ADDRESS": "900 N FRANCISCO AVE",
    "COMMUNITY AREA NAME": "WEST TOWN",
    "LONGITUDE": -87.6993783779,
    "LATITUDE": 41.8981068159
  },
  {
    "STORE NAME": "EL  PASEO  BORICUA",
    "ADDRESS": "2706 W DIVISION ST",
    "COMMUNITY AREA NAME": "WEST TOWN",
    "LONGITUDE": -87.6947704208,
    "LATITUDE": 41.9030542001
  },
  {
    "STORE NAME": "Municipal Foods",
    "ADDRESS": "2559 W DIVISION ST",
    "COMMUNITY AREA NAME": "WEST TOWN",
    "LONGITUDE": -87.6918885843,
    "LATITUDE": 41.9028592342
  },
  {
    "STORE NAME": "CARNICERIA GUANJUATO #3",
    "ADDRESS": "1436 N ASHLAND AVE",
    "COMMUNITY AREA NAME": "WEST TOWN",
    "LONGITUDE": -87.6677638335,
    "LATITUDE": 41.9081153739
  },
  {
    "STORE NAME": "JEWEL FOOD STORE #3241",
    "ADDRESS": "1341 N PAULINA ST",
    "COMMUNITY AREA NAME": "WEST TOWN",
    "LONGITUDE": -87.6698622813,
    "LATITUDE": 41.9062437031
  },
  {
    "STORE NAME": "CAESAR'S FOODS INC",
    "ADDRESS": "901 N DAMEN AVE",
    "COMMUNITY AREA NAME": "WEST TOWN",
    "LONGITUDE": -87.6769588663,
    "LATITUDE": 41.8977792769
  },
  {
    "STORE NAME": "ALDI INC #64",
    "ADDRESS": "1767 N MILWAUKEE AVE",
    "COMMUNITY AREA NAME": "WEST TOWN",
    "LONGITUDE": -87.6822028354,
    "LATITUDE": 41.91358779
  },
  {
    "STORE NAME": "BARI",
    "ADDRESS": "1120 W GRAND AVE",
    "COMMUNITY AREA NAME": "WEST TOWN",
    "LONGITUDE": -87.6555602414,
    "LATITUDE": 41.8912101212
  },
  {
    "STORE NAME": "DOMINICK'S FINER FOODS - STORE # 2775",
    "ADDRESS": "2021 W CHICAGO AVE",
    "COMMUNITY AREA NAME": "WEST TOWN",
    "LONGITUDE": -87.6779308926,
    "LATITUDE": 41.8957852296
  },
  {
    "STORE NAME": "RICH'S DELI & LIQUOR, INC",
    "ADDRESS": "857 N WESTERN AVE",
    "COMMUNITY AREA NAME": "WEST TOWN",
    "LONGITUDE": -87.6867385577,
    "LATITUDE": 41.8974609845
  },
  {
    "STORE NAME": "PUERTO RICO FOOD & LIQUORS",
    "ADDRESS": "2559 W AUGUSTA BLVD",
    "COMMUNITY AREA NAME": "WEST TOWN",
    "LONGITUDE": -87.6917381162,
    "LATITUDE": 41.8992215766
  },
  {
    "STORE NAME": "CERMAK PRODUCE NO.4",
    "ADDRESS": "2701 W NORTH AVE",
    "COMMUNITY AREA NAME": "WEST TOWN",
    "LONGITUDE": -87.6946003939,
    "LATITUDE": 41.9101322404
  },
  {
    "STORE NAME": "TIERRA CALIENTE MARKET",
    "ADDRESS": "1402 N ASHLAND AVE",
    "COMMUNITY AREA NAME": "WEST TOWN",
    "LONGITUDE": -87.6677396553,
    "LATITUDE": 41.9071018181
  },
  {
    "STORE NAME": "OSAMA FOOD MART",
    "ADDRESS": "615 E 67TH ST",
    "COMMUNITY AREA NAME": "WOODLAWN",
    "LONGITUDE": -87.6099733981,
    "LATITUDE": 41.7729575221
  },
  {
    "STORE NAME": "COTTAGE GROVE FOOD MART",
    "ADDRESS": "6307 S COTTAGE GROVE AVE",
    "COMMUNITY AREA NAME": "WOODLAWN",
    "LONGITUDE": -87.6057775241,
    "LATITUDE": 41.7801519592
  },
  {
    "STORE NAME": "MLB FOOD",
    "ADDRESS": "613 E 67TH ST",
    "COMMUNITY AREA NAME": "WOODLAWN",
    "LONGITUDE": -87.6100578109,
    "LATITUDE": 41.7729559039
  },
  {
    "STORE NAME": "FRESH BUY FOODS INC",
    "ADDRESS": "6319 S VERNON AVE",
    "COMMUNITY AREA NAME": "WOODLAWN",
    "LONGITUDE": -87.6142509361,
    "LATITUDE": 41.7796646515
  },
  {
    "STORE NAME": "ALDI",
    "ADDRESS": "6621 S COTTAGE GROVE AVE",
    "COMMUNITY AREA NAME": "WOODLAWN",
    "LONGITUDE": -87.6056480253,
    "LATITUDE": 41.7743058812
  }
]
